,x,y,w,h,protein,protein_type,TE,avg_gray,25_gray,50_gray,75_gray
1,369,45,66,50,1.74,clIscA1,108,176.66038961038961,173.0,177.0,178.0
1,504,48,66,50,0.53,clIscA1,108,185.02338811630847,181.0,186.0,186.0
1,636,56,63,50,1.24,clIscA1,108,185.52937336814622,182.0,186.0,187.0
1,763,57,65,51,3.48,clIscA1,108,187.10676392572944,185.0,187.0,191.0
1,895,52,70,54,0.75,clIscA1,108,179.54602630074328,171.0,178.0,186.0
1,1026,44,74,54,1.1,clIscA1,108,186.49447077409164,182.0,186.0,189.0
2,364,153,65,47,1.45,clIscA1,108,186.57612580414582,183.0,186.0,190.0
2,492,158,67,50,7.0,clIscA1,108,195.34181141439205,190.0,195.0,199.0
2,631,161,70,51,3.05,clIscA1,108,197.60594795539035,192.0,197.0,203.0
2,761,162,68,52,3.29,clIscA1,108,196.2118544600939,191.0,195.0,201.0
2,902,157,71,54,0.9,clIscA1,108,189.03687635574838,184.0,188.0,194.0
2,1032,155,73,53,2.1,clIscA1,108,200.5250137438153,194.0,201.0,204.0
3,360,266,64,47,0.62,clIscA1,108,192.9760479041916,187.0,195.0,196.0
3,491,267,67,51,3.14,clIscA1,108,192.34318766066838,186.0,192.0,196.0
3,631,263,68,51,2.68,clIscA1,108,194.5253512522908,189.0,195.0,198.0
3,773,261,71,52,0.2,clIscA1,108,190.96660909614278,186.0,191.0,196.0
3,901,257,71,52,0.71,clIscA1,108,190.07401129943503,183.0,189.0,196.0
3,1037,263,73,52,4.0,clIscA1,108,192.15658564160543,185.0,193.0,197.0
4,361,372,64,46,0.57,clIscA1,108,189.41234918381832,184.0,189.0,195.0
4,495,371,68,49,1.78,clIscA1,108,192.11553273427472,185.0,193.0,198.0
4,619,369,69,50,1.74,clIscA1,108,189.39721886336156,184.0,188.0,194.0
4,772,372,71,51,4.46,clIscA1,108,199.0618264322178,191.0,198.0,205.0
4,904,366,72,52,0.66,clIscA1,108,196.39637599094,189.0,196.0,201.0
4,1036,371,70,50,3.48,clIscA1,108,190.69899244332493,184.0,192.0,195.0
5,361,476,65,46,0.44,clIscA1,108,192.34857934857934,186.0,193.0,196.0
5,495,478,66,48,2.87,clIscA1,108,194.66820580474933,188.0,195.0,200.0
5,630,478,66,49,0.89,clIscA1,108,188.03735255570118,182.0,187.0,193.0
5,769,476,69,50,3.25,clIscA1,108,194.75766686710764,190.0,195.0,198.0
5,915,472,71,51,0.4,clIscA1,108,191.40557815223707,185.0,192.0,196.0
5,1036,477,70,51,2.0,clIscA1,108,185.52555168408827,178.0,186.0,191.0
6,361,583,65,47,0.33,clIscA1,108,187.5518417462483,181.0,186.0,193.0
6,487,579,66,48,1.62,clIscA1,108,197.50168577208362,191.0,196.0,204.0
6,634,577,66,48,7.18,clIscA1,108,207.18169398907105,203.0,207.0,212.0
6,767,580,65,48,5.43,clIscA1,108,211.20833333333334,205.0,211.0,216.0
6,904,582,70,50,0.2,clIscA1,108,192.0766129032258,185.0,192.0,197.0
6,1036,581,70,49,1.43,clIscA1,108,189.77541083384054,185.0,190.0,194.0
7,381,690,64,45,0.0001,clIscA1,108,187.26058865757358,183.0,186.0,192.0
7,508,687,62,45,3.55,clIscA1,108,200.7401764234162,194.0,202.0,206.0
7,632,684,58,45,8.27,clIscA1,108,204.34971334971334,197.0,204.0,210.0
7,764,681,60,45,4.46,clIscA1,108,205.60364842454393,200.0,206.0,210.0
7,905,682,65,47,0.26,clIscA1,108,198.16155988857938,191.0,196.0,204.0
7,1019,692,67,48,1.13,clIscA1,108,175.6409591704472,169.0,177.0,179.0
8,418,802,59,42,0.0002,clIscA1,108,186.30161750713606,178.0,187.0,194.0
8,533,787,52,38,1.92,clIscA1,108,196.81069518716578,188.0,196.0,204.0
8,652,778,48,37,1.12,clIscA1,108,200.80434782608697,193.0,202.0,206.0
8,764,782,47,38,3.19,clIscA1,108,201.02348578491964,195.0,201.0,206.0
8,880,784,54,39,1.74,clIscA1,108,207.8495145631068,200.0,208.0,213.0
8,989,802,63,43,0.9,clIscA1,108,181.69278996865205,173.0,183.0,187.0
1,369,46,67,49,1.74,clIscA1,117,182.47011207970112,177.0,184.0,184.0
1,504,48,66,50,0.53,clIscA1,117,191.00199733688416,186.0,192.0,193.0
1,636,56,64,50,1.24,clIscA1,117,188.1903743315508,184.0,190.0,193.0
1,762,57,66,51,3.48,clIscA1,117,194.9803664921466,191.0,195.0,199.0
1,896,52,69,54,0.75,clIscA1,117,180.96334478808706,173.0,181.0,188.0
1,1026,44,74,54,1.1,clIscA1,117,187.77662037037038,183.0,188.0,192.0
2,364,153,65,47,1.45,clIscA1,117,190.6748423265592,185.0,192.0,194.0
2,492,158,67,50,7.0,clIscA1,117,198.26595072646873,192.0,199.0,203.0
2,631,161,70,51,3.05,clIscA1,117,202.38036809815952,194.0,203.0,208.0
2,761,162,69,52,3.29,clIscA1,117,203.43880786303106,197.0,203.0,210.0
2,902,157,71,54,0.9,clIscA1,117,193.35509285312324,185.0,194.0,199.0
2,1032,155,73,53,2.1,clIscA1,117,201.8361111111111,195.0,202.0,207.0
3,360,266,64,47,0.62,clIscA1,117,195.1849668386146,192.0,195.0,199.0
3,491,267,67,51,3.14,clIscA1,117,196.20148331273177,192.0,195.0,202.0
3,631,263,68,51,2.68,clIscA1,117,200.30214067278288,195.0,201.0,203.0
3,773,261,71,52,0.2,clIscA1,117,199.1612162937464,193.0,199.0,203.0
3,901,257,71,52,0.71,clIscA1,117,194.62479338842977,187.0,193.0,201.0
3,1037,263,72,52,4.0,clIscA1,117,194.42241379310346,186.0,194.0,201.0
4,361,372,64,46,0.57,clIscA1,117,192.28363636363636,186.0,193.0,195.0
4,495,371,68,49,1.78,clIscA1,117,196.4068535825545,191.0,195.0,202.0
4,619,369,69,50,1.74,clIscA1,117,196.0416164053076,191.0,195.0,201.0
4,771,372,72,51,4.46,clIscA1,117,204.63313953488372,196.0,204.0,211.0
4,904,366,72,52,0.66,clIscA1,117,200.83650615901456,194.0,202.0,205.0
4,1036,371,70,50,3.48,clIscA1,117,192.94420334779915,187.0,193.0,197.0
5,361,476,65,46,0.44,clIscA1,117,195.4373642288197,190.0,195.0,201.0
5,495,478,66,48,2.87,clIscA1,117,198.9527202072539,193.0,199.0,204.0
5,629,478,67,49,0.89,clIscA1,117,196.00442477876106,190.0,195.0,202.0
5,770,476,68,50,3.25,clIscA1,117,200.23192960402264,194.0,201.0,204.0
5,915,472,71,51,0.4,clIscA1,117,194.1626112759644,186.0,193.0,201.0
5,1036,477,70,51,2.0,clIscA1,117,188.5523290986086,182.0,189.0,193.0
6,361,583,65,47,0.33,clIscA1,117,189.813134732566,183.0,190.0,194.0
6,487,579,66,48,1.62,clIscA1,117,202.3623693379791,196.0,202.0,209.0
6,634,577,66,48,7.18,clIscA1,117,214.48944860449285,210.0,213.0,220.0
6,767,580,65,48,5.43,clIscA1,117,216.78464673913044,211.0,217.0,221.0
6,904,582,70,50,0.2,clIscA1,117,194.96023738872404,188.0,194.0,200.0
6,1036,581,70,49,1.43,clIscA1,117,192.8957528957529,188.0,193.0,197.0
7,381,690,64,45,0.0001,clIscA1,117,186.71715610510046,183.0,186.0,192.0
7,508,687,62,45,3.55,clIscA1,117,202.0520231213873,195.0,202.0,210.0
7,632,684,59,45,8.27,clIscA1,117,212.85306828003456,207.0,213.0,218.0
7,764,681,60,45,4.46,clIscA1,117,209.76862123613313,203.0,210.0,214.0
7,905,682,65,47,0.26,clIscA1,117,202.11834319526628,193.0,202.0,208.0
7,1018,692,68,48,1.13,clIscA1,117,180.07939508506615,173.0,181.0,185.0
8,418,802,59,42,0.0002,clIscA1,117,189.81071737251511,182.0,191.0,194.0
8,533,787,52,38,1.92,clIscA1,117,200.58676789587852,192.0,201.0,207.0
8,652,778,48,37,1.12,clIscA1,117,202.8028846153846,195.0,203.0,209.0
8,764,782,47,38,3.19,clIscA1,117,204.66981132075472,198.0,204.0,210.0
8,880,784,54,39,1.74,clIscA1,117,213.11056268509378,203.0,212.0,221.0
8,988,802,64,43,0.9,clIscA1,117,186.7808326787117,178.0,187.0,193.0
1,369,46,66,49,1.74,clIscA1,126,177.05825242718447,173.0,177.0,181.0
1,504,48,66,50,0.53,clIscA1,126,185.8286826735886,182.0,185.0,190.0
1,636,56,63,50,1.24,clIscA1,126,185.02680412371134,182.0,185.0,189.0
1,762,57,65,51,3.48,clIscA1,126,188.2561894510226,185.0,191.0,193.0
1,895,52,70,54,0.75,clIscA1,126,179.14612868047982,172.0,178.0,186.0
1,1026,44,74,54,1.1,clIscA1,126,189.70111880660627,183.0,191.0,193.0
2,364,153,64,47,1.45,clIscA1,126,187.0793423874196,183.0,187.0,191.0
2,491,158,68,50,7.0,clIscA1,126,194.68364779874213,190.0,194.0,199.0
2,631,161,70,51,3.05,clIscA1,126,198.21130952380952,192.0,198.0,202.0
2,760,162,69,52,3.29,clIscA1,126,196.94220349187236,192.0,197.0,202.0
2,902,157,71,54,0.9,clIscA1,126,189.50572831423895,183.0,190.0,194.0
2,1032,155,73,52,2.1,clIscA1,126,201.30853994490357,194.0,202.0,206.0
3,360,266,64,47,0.62,clIscA1,126,194.00072886297377,189.0,193.0,198.0
3,491,267,67,51,3.14,clIscA1,126,192.67796610169492,185.0,193.0,197.0
3,631,264,68,50,2.68,clIscA1,126,194.33273381294964,192.0,193.0,198.0
3,774,261,70,52,0.2,clIscA1,126,191.58333333333334,185.0,192.0,196.0
3,901,257,71,52,0.71,clIscA1,126,190.26994535519125,183.0,191.0,197.0
3,1037,263,73,52,4.0,clIscA1,126,193.8630849220104,184.0,193.0,200.0
4,361,372,64,46,0.57,clIscA1,126,190.66223776223777,184.0,192.0,194.0
4,495,371,68,49,1.78,clIscA1,126,192.53040103492884,186.0,193.0,198.0
4,619,369,69,50,1.74,clIscA1,126,190.58301404853128,184.0,191.0,195.0
4,772,372,71,51,4.46,clIscA1,126,198.56894553881807,192.0,199.0,204.0
4,904,366,72,52,0.66,clIscA1,126,197.4289693593315,192.0,197.0,202.0
4,1036,371,70,50,3.48,clIscA1,126,191.7521917007598,185.0,192.0,195.0
5,361,476,65,46,0.44,clIscA1,126,193.63692098092642,188.0,193.0,198.0
5,495,478,66,48,2.87,clIscA1,126,194.66552433173408,189.0,194.0,201.0
5,630,478,65,49,0.89,clIscA1,126,189.45772409408772,183.0,189.0,194.0
5,770,476,68,50,3.25,clIscA1,126,194.68838352796558,192.0,194.0,199.0
5,915,472,71,51,0.4,clIscA1,126,192.35355892648775,184.0,193.0,198.0
5,1036,477,70,50,2.0,clIscA1,126,187.31009615384616,179.0,187.0,193.0
6,361,583,65,47,0.33,clIscA1,126,188.7750525578136,183.0,190.0,193.0
6,487,579,66,48,1.62,clIscA1,126,198.37300531914894,192.0,198.0,203.0
6,634,577,66,48,7.18,clIscA1,126,206.87745429925525,202.0,206.0,212.0
6,767,580,65,48,5.43,clIscA1,126,211.43561103810777,205.0,211.0,217.0
6,904,582,70,50,0.2,clIscA1,126,193.36783625730993,187.0,193.0,198.0
6,1036,581,70,49,1.43,clIscA1,126,191.266027561414,185.0,192.0,195.0
7,381,690,64,45,0.0001,clIscA1,126,188.4934017595308,183.0,189.0,193.0
7,508,687,62,45,3.55,clIscA1,126,201.06645569620252,193.0,201.0,207.0
7,632,684,59,45,8.27,clIscA1,126,205.05241605241605,198.0,205.0,211.0
7,764,681,60,45,4.46,clIscA1,126,204.3709677419355,199.0,204.0,209.0
7,905,682,65,47,0.26,clIscA1,126,199.2467173462336,193.0,199.0,206.0
7,1019,692,67,48,1.13,clIscA1,126,175.91143911439116,170.0,175.0,184.0
8,418,802,59,41,0.0002,clIscA1,126,187.2843779232928,179.0,188.0,193.0
8,533,787,52,38,1.92,clIscA1,126,199.05585980284775,191.0,200.0,205.0
8,652,778,48,37,1.12,clIscA1,126,202.11848341232226,194.0,202.0,208.0
8,764,782,47,38,3.19,clIscA1,126,202.24970828471413,195.0,202.0,208.0
8,880,784,54,39,1.74,clIscA1,126,211.78606476938174,202.0,211.0,219.0
8,989,802,63,43,0.9,clIscA1,126,184.5912408759124,176.0,185.0,191.0
1,369,46,67,49,1.74,clIscA1,135,180.7866082603254,176.0,181.0,183.0
1,504,48,66,50,0.53,clIscA1,135,190.47874427730542,186.0,190.0,194.0
1,636,56,64,50,1.24,clIscA1,135,190.51673101673103,186.0,190.0,193.0
1,763,57,65,51,3.48,clIscA1,135,197.17581653926337,192.0,199.0,200.0
1,896,52,69,54,0.75,clIscA1,135,182.25458588104502,174.0,181.0,189.0
1,1026,44,74,54,1.1,clIscA1,135,190.48920086393088,186.0,190.0,194.0
2,364,154,65,46,1.45,clIscA1,135,189.71646977067408,185.0,190.0,192.0
2,492,158,67,50,7.0,clIscA1,135,197.43928128872366,190.0,198.0,202.0
2,631,161,70,51,3.05,clIscA1,135,204.4364406779661,198.0,205.0,210.0
2,761,162,69,52,3.29,clIscA1,135,205.3827160493827,199.0,206.0,210.0
2,902,157,71,54,0.9,clIscA1,135,194.54440789473685,188.0,194.0,200.0
2,1032,155,73,53,2.1,clIscA1,135,204.92091295116774,198.0,206.0,209.0
3,360,266,64,46,0.62,clIscA1,135,197.08561151079138,191.0,197.0,200.0
3,491,267,68,51,3.14,clIscA1,135,196.1690414507772,190.0,196.0,200.0
3,631,263,68,51,2.68,clIscA1,135,201.3123844731978,198.0,201.0,206.0
3,773,261,71,52,0.2,clIscA1,135,200.56188262638,193.0,200.0,205.0
3,901,257,71,52,0.71,clIscA1,135,194.6208609271523,187.0,194.0,201.0
3,1037,263,73,52,4.0,clIscA1,135,195.11337868480726,189.0,196.0,200.0
4,361,372,64,46,0.57,clIscA1,135,191.96340552651233,188.0,191.0,197.0
4,495,371,68,49,1.78,clIscA1,135,196.66962025316457,189.0,197.0,202.0
4,619,369,69,50,1.74,clIscA1,135,196.8974205158968,190.0,197.0,202.0
4,772,372,71,51,4.46,clIscA1,135,206.6614853195164,199.0,207.0,213.0
4,904,366,72,52,0.66,clIscA1,135,201.7135593220339,194.0,201.0,206.0
4,1036,371,70,50,3.48,clIscA1,135,193.37524557956777,188.0,193.0,199.0
5,361,476,65,46,0.44,clIscA1,135,196.5681179775281,190.0,196.0,201.0
5,495,478,66,48,2.87,clIscA1,135,200.27242524916943,193.0,200.0,206.0
5,630,478,66,49,0.89,clIscA1,135,196.76578282828282,190.0,197.0,202.0
5,770,476,68,50,3.25,clIscA1,135,201.58380771663505,198.0,201.0,206.0
5,915,472,71,51,0.4,clIscA1,135,194.6086956521739,188.0,194.0,201.0
5,1036,477,70,51,2.0,clIscA1,135,188.22003474232773,181.0,189.0,193.0
6,361,583,65,47,0.33,clIscA1,135,191.15885947046843,184.0,190.0,196.0
6,487,579,66,48,1.62,clIscA1,135,203.64435695538057,199.0,202.0,209.0
6,634,577,66,48,7.18,clIscA1,135,215.53712699514227,209.0,216.0,220.0
6,767,580,65,48,5.43,clIscA1,135,218.72714962762356,211.0,219.0,224.0
6,904,582,70,50,0.2,clIscA1,135,195.16599423631123,188.0,195.0,201.0
6,1036,581,70,49,1.43,clIscA1,135,192.2031152647975,188.0,192.0,198.0
7,381,690,64,45,0.0001,clIscA1,135,189.05657604702424,183.0,190.0,192.0
7,508,687,62,44,3.55,clIscA1,135,203.09175738724727,196.0,202.0,209.0
7,632,684,59,45,8.27,clIscA1,135,214.2550443906376,207.0,214.0,219.0
7,764,681,60,45,4.46,clIscA1,135,211.4298755186722,206.0,211.0,217.0
7,905,682,65,47,0.26,clIscA1,135,202.62042788129745,196.0,201.0,209.0
7,1019,692,67,48,1.13,clIscA1,135,179.54334170854273,173.0,180.0,183.0
8,418,802,59,41,0.0002,clIscA1,135,191.34230055658628,184.0,191.0,198.0
8,533,787,52,38,1.92,clIscA1,135,199.38248847926266,191.0,201.0,207.0
8,652,778,48,37,1.12,clIscA1,135,203.54112038140644,196.0,203.0,209.0
8,764,782,47,38,3.19,clIscA1,135,207.10295857988166,201.0,207.0,213.0
8,880,784,54,39,1.74,clIscA1,135,216.92380952380952,208.0,218.0,226.0
8,989,802,63,43,0.9,clIscA1,135,186.90427215189874,179.0,188.0,192.0
1,369,46,67,49,1.74,clIscA1,144,179.08768406961178,174.0,180.0,181.0
1,504,48,66,50,0.53,clIscA1,144,187.07197943444731,182.0,188.0,190.0
1,636,56,63,50,1.24,clIscA1,144,188.22843976300197,183.0,189.0,190.0
1,762,57,65,51,3.48,clIscA1,144,189.8241469816273,185.0,190.0,192.0
1,896,52,69,54,0.75,clIscA1,144,181.64027939464495,172.0,181.0,189.0
1,1026,44,74,54,1.1,clIscA1,144,189.98032961190856,185.0,190.0,193.0
2,364,153,65,47,1.45,clIscA1,144,188.00343878954607,182.0,189.0,191.0
2,492,158,67,50,7.0,clIscA1,144,194.60179833012202,189.0,194.0,199.0
2,631,161,70,51,3.05,clIscA1,144,200.0107120352867,194.0,200.0,205.0
2,761,162,68,52,3.29,clIscA1,144,198.2155223880597,191.0,199.0,202.0
2,902,157,71,54,0.9,clIscA1,144,191.46056260341976,185.0,191.0,196.0
2,1032,155,73,53,2.1,clIscA1,144,201.60012515644556,194.0,202.0,209.0
3,360,266,64,47,0.62,clIscA1,144,195.5525179856115,190.0,196.0,200.0
3,491,267,67,51,3.14,clIscA1,144,193.4310551558753,189.0,191.0,200.0
3,631,263,68,51,2.68,clIscA1,144,195.3155713439905,189.0,196.0,200.0
3,774,261,70,52,0.2,clIscA1,144,193.512252042007,189.0,193.0,199.0
3,901,257,71,52,0.71,clIscA1,144,192.38032786885245,184.0,191.0,199.0
3,1037,263,73,52,4.0,clIscA1,144,194.00549752611326,187.0,193.0,200.0
4,361,372,64,46,0.57,clIscA1,144,191.32451751250895,186.0,191.0,196.0
4,495,371,68,49,1.78,clIscA1,144,193.19221260815823,187.0,191.0,199.0
4,619,369,69,50,1.74,clIscA1,144,191.10564225690277,186.0,190.0,196.0
4,772,372,71,51,4.46,clIscA1,144,200.02836451418224,192.0,200.0,206.0
4,904,366,72,52,0.66,clIscA1,144,199.19668246445497,192.0,200.0,203.0
4,1036,371,70,50,3.48,clIscA1,144,191.38069216757742,186.0,191.0,196.0
5,361,476,65,46,0.44,clIscA1,144,195.09856262833677,189.0,194.0,200.0
5,494,478,67,48,2.87,clIscA1,144,196.7127388535032,190.0,197.0,202.0
5,630,478,66,49,0.89,clIscA1,144,189.8,183.0,190.0,195.0
5,770,476,68,50,3.25,clIscA1,144,196.51645569620254,190.0,196.0,200.0
5,915,472,71,51,0.4,clIscA1,144,193.57931435212086,186.0,193.0,200.0
5,1036,477,70,51,2.0,clIscA1,144,186.944156591825,180.0,189.0,191.0
6,361,583,65,47,0.33,clIscA1,144,189.65438108484005,183.0,190.0,194.0
6,487,579,66,48,1.62,clIscA1,144,199.90743243243244,192.0,200.0,206.0
6,634,577,66,48,7.18,clIscA1,144,207.54760250173732,200.0,208.0,212.0
6,767,580,65,48,5.43,clIscA1,144,214.25049570389953,208.0,214.0,219.0
6,904,582,70,50,0.2,clIscA1,144,192.8255416191562,187.0,192.0,198.0
6,1036,581,70,49,1.43,clIscA1,144,190.55455635491606,184.0,190.0,195.0
7,381,690,64,45,0.0001,clIscA1,144,189.63116511794138,184.0,190.0,193.0
7,508,687,62,45,3.55,clIscA1,144,202.86265432098764,197.0,201.0,209.0
7,632,684,58,45,8.27,clIscA1,144,204.47630922693267,198.0,205.0,209.0
7,764,681,60,45,4.46,clIscA1,144,206.5758564437194,201.0,207.0,211.0
7,905,682,65,47,0.26,clIscA1,144,200.5801687763713,192.0,200.0,207.0
7,1019,692,67,48,1.13,clIscA1,144,177.22704402515723,171.0,178.0,181.0
8,418,802,59,42,0.0002,clIscA1,144,187.4978204010462,180.0,189.0,193.0
8,533,787,52,38,1.92,clIscA1,144,199.5431693989071,192.0,200.0,206.0
8,652,778,48,37,1.12,clIscA1,144,202.67589388696655,195.0,202.0,209.0
8,764,782,47,38,3.19,clIscA1,144,203.71005917159763,197.0,203.0,209.0
8,880,784,54,39,1.74,clIscA1,144,215.29048086359177,206.0,216.0,221.0
8,989,802,63,43,0.9,clIscA1,144,185.33698201720094,177.0,186.0,190.0
1,369,46,67,49,1.74,clIscA1,153,181.61486939048896,177.0,181.0,186.0
1,504,48,66,50,0.53,clIscA1,153,191.59387923904052,187.0,193.0,198.0
1,636,56,64,50,1.24,clIscA1,153,192.37098344693283,188.0,194.0,198.0
1,762,57,66,51,3.48,clIscA1,153,197.72989949748742,192.0,198.0,201.0
1,896,52,69,54,0.75,clIscA1,153,183.5582285401859,176.0,183.0,190.0
1,1026,44,74,54,1.1,clIscA1,153,196.06677613574166,191.0,198.0,198.0
2,364,153,64,47,1.45,clIscA1,153,190.48145604395606,187.0,190.0,195.0
2,492,158,67,50,7.0,clIscA1,153,198.0880195599022,191.0,198.0,203.0
2,631,161,70,51,3.05,clIscA1,153,206.77250900360144,199.0,208.0,213.0
2,761,162,68,52,3.29,clIscA1,153,206.70501474926255,199.0,208.0,211.0
2,902,157,71,53,0.9,clIscA1,153,196.01300904977376,188.0,197.0,200.0
2,1032,155,73,53,2.1,clIscA1,153,208.34480812641084,201.0,208.0,213.0
3,360,266,64,47,0.62,clIscA1,153,198.8501400560224,196.0,198.0,202.0
3,491,267,67,51,3.14,clIscA1,153,197.17608173076923,190.0,198.0,201.0
3,631,263,68,51,2.68,clIscA1,153,201.54688731284475,197.0,202.0,208.0
3,774,261,69,52,0.2,clIscA1,153,201.72383720930233,197.0,201.0,207.0
3,901,257,71,52,0.71,clIscA1,153,196.4423286180631,188.0,197.0,203.0
3,1037,263,72,52,4.0,clIscA1,153,198.791643454039,189.0,198.0,205.0
4,361,372,64,46,0.57,clIscA1,153,194.1571018651363,188.0,195.0,198.0
4,495,371,68,49,1.78,clIscA1,153,198.22721437740694,192.0,198.0,204.0
4,619,369,69,50,1.74,clIscA1,153,198.13021491782553,192.0,198.0,204.0
4,772,372,71,51,4.46,clIscA1,153,207.13309982486865,199.0,207.0,214.0
4,904,366,72,52,0.66,clIscA1,153,203.56325632563255,197.0,204.0,208.0
4,1036,371,70,50,3.48,clIscA1,153,196.6396664681358,190.0,198.0,200.0
5,361,476,65,46,0.44,clIscA1,153,198.13664596273293,192.0,198.0,203.0
5,494,478,67,48,2.87,clIscA1,153,201.70942408376965,196.0,201.0,208.0
5,630,478,66,49,0.89,clIscA1,153,197.18346253229973,190.0,198.0,203.0
5,770,476,68,50,3.25,clIscA1,153,202.94498777506112,197.0,203.0,208.0
5,915,472,71,51,0.4,clIscA1,153,197.56915196357428,189.0,198.0,203.0
5,1036,477,70,51,2.0,clIscA1,153,190.214696485623,184.0,190.0,197.0
6,361,583,65,47,0.33,clIscA1,153,193.9157894736842,187.0,196.0,199.0
6,487,579,66,48,1.62,clIscA1,153,205.1153314917127,198.0,205.0,210.0
6,634,577,66,48,7.18,clIscA1,153,215.16869095816463,208.0,216.0,220.0
6,767,580,65,48,5.43,clIscA1,153,221.23545150501673,215.0,220.0,227.0
6,904,582,70,50,0.2,clIscA1,153,197.71864009378663,191.0,198.0,204.0
6,1036,581,70,49,1.43,clIscA1,153,195.04280618311535,189.0,196.0,199.0
7,381,690,64,45,0.0001,clIscA1,153,191.00375375375376,187.0,190.0,197.0
7,508,687,62,44,3.55,clIscA1,153,203.97307692307692,198.0,204.0,210.0
7,632,684,58,45,8.27,clIscA1,153,212.69587194608255,207.0,213.0,218.0
7,764,681,60,45,4.46,clIscA1,153,213.3082408874802,207.0,214.0,217.0
7,905,682,65,47,0.26,clIscA1,153,205.38703071672356,198.0,206.0,211.0
7,1019,692,67,48,1.13,clIscA1,153,180.34711964549484,175.0,180.0,188.0
8,418,802,59,42,0.0002,clIscA1,153,194.33928571428572,187.0,196.0,199.0
8,533,787,51,38,1.92,clIscA1,153,202.27135135135134,192.0,202.0,209.0
8,652,778,48,37,1.12,clIscA1,153,205.87889688249402,198.0,207.0,212.0
8,764,782,47,38,3.19,clIscA1,153,209.93897882938978,205.0,210.0,215.0
8,880,784,54,39,1.74,clIscA1,153,220.6858846918489,211.0,220.0,228.0
8,989,802,63,43,0.9,clIscA1,153,188.70823529411766,180.0,188.0,195.0
1,369,46,66,49,1.74,clIscA1,162,178.7998687664042,176.0,178.0,182.0
1,504,48,66,50,0.53,clIscA1,162,190.17725540025413,187.0,190.0,194.0
1,636,56,63,50,1.24,clIscA1,162,186.99865229110512,183.0,188.0,189.0
1,762,57,65,51,3.48,clIscA1,162,193.0654420206659,189.0,196.0,198.0
1,895,52,70,54,0.75,clIscA1,162,182.7011049723757,175.0,181.0,189.0
1,1026,44,74,55,1.1,clIscA1,162,192.22212065813528,188.0,196.0,198.0
2,364,153,65,47,1.45,clIscA1,162,188.73971631205674,184.0,188.0,193.0
2,491,158,68,50,7.0,clIscA1,162,196.38619402985074,189.0,197.0,200.0
2,631,161,70,51,3.05,clIscA1,162,200.67995169082127,195.0,201.0,205.0
2,761,162,69,52,3.29,clIscA1,162,202.1421965317919,197.0,201.0,208.0
2,902,157,71,54,0.9,clIscA1,162,193.07900432900433,187.0,193.0,198.0
2,1032,155,73,53,2.1,clIscA1,162,205.67421790722761,198.0,207.0,210.0
3,360,266,64,47,0.62,clIscA1,162,197.04178674351584,190.0,198.0,201.0
3,491,267,67,50,3.14,clIscA1,162,194.29770531400968,188.0,195.0,199.0
3,631,263,68,51,2.68,clIscA1,162,196.9754343918514,191.0,198.0,199.0
3,773,261,71,52,0.2,clIscA1,162,197.07588235294116,189.0,198.0,202.0
3,901,257,71,52,0.71,clIscA1,162,193.43642611683848,186.0,194.0,200.0
3,1037,263,73,52,4.0,clIscA1,162,195.66648619382784,187.0,197.0,201.0
4,361,372,64,46,0.57,clIscA1,162,193.16244725738397,187.0,193.0,198.0
4,495,371,68,49,1.78,clIscA1,162,195.0852079072938,188.0,195.0,201.0
4,619,369,69,50,1.74,clIscA1,162,193.7655768044417,188.0,194.0,198.0
4,772,372,71,51,4.46,clIscA1,162,202.07761529808775,194.0,201.0,208.0
4,904,366,72,52,0.66,clIscA1,162,200.60845588235293,195.0,201.0,207.0
4,1036,371,70,50,3.48,clIscA1,162,193.66404358353512,187.0,195.0,198.0
5,361,476,65,46,0.44,clIscA1,162,196.96900826446281,190.0,198.0,201.0
5,495,478,66,48,2.87,clIscA1,162,197.74485049833888,191.0,198.0,203.0
5,630,478,65,49,0.89,clIscA1,162,192.36572890025576,187.0,192.0,198.0
5,770,476,68,50,3.25,clIscA1,162,197.0734114743985,191.0,198.0,199.0
5,915,472,71,51,0.4,clIscA1,162,196.60455607476635,188.0,198.0,202.0
5,1036,477,70,51,2.0,clIscA1,162,187.72271914132378,180.0,188.0,193.0
6,361,583,65,47,0.33,clIscA1,162,191.75070821529744,187.0,191.0,198.0
6,487,579,66,48,1.62,clIscA1,162,201.66318537859007,195.0,200.0,208.0
6,634,577,66,48,7.18,clIscA1,162,209.69230769230768,206.0,209.0,214.0
6,767,580,65,48,5.43,clIscA1,162,215.32386363636363,209.0,216.0,220.0
6,904,582,70,50,0.2,clIscA1,162,197.6569936157864,191.0,197.0,203.0
6,1036,581,70,49,1.43,clIscA1,162,191.6292203806016,187.0,191.0,196.0
7,381,690,64,45,0.0001,clIscA1,162,190.2733661278988,187.0,189.0,195.0
7,508,687,62,45,3.55,clIscA1,162,203.30361260568793,197.0,202.0,208.0
7,632,684,58,45,8.27,clIscA1,162,207.38225538971807,201.0,208.0,213.0
7,764,681,60,45,4.46,clIscA1,162,206.79274193548386,200.0,207.0,211.0
7,905,682,65,47,0.26,clIscA1,162,203.97278436845778,198.0,204.0,209.0
7,1019,692,67,48,1.13,clIscA1,162,177.4315589353612,170.0,178.0,181.0
8,418,802,59,41,0.0002,clIscA1,162,190.46440972222223,181.0,189.0,198.0
8,533,787,52,38,1.92,clIscA1,162,202.2434210526316,194.0,202.0,208.0
8,652,778,48,37,1.12,clIscA1,162,203.00578703703704,195.0,203.0,209.0
8,764,782,47,38,3.19,clIscA1,162,207.16565164433618,200.0,208.0,213.0
8,880,784,54,39,1.74,clIscA1,162,217.39811912225704,209.0,217.0,225.0
8,989,802,63,43,0.9,clIscA1,162,188.40352220520674,180.0,188.0,194.0
1,369,46,67,49,1.74,clIscA1,171,176.2451309603761,171.0,178.0,178.0
1,504,48,66,50,0.53,clIscA1,171,186.65761212886923,182.0,188.0,189.0
1,636,56,64,50,1.24,clIscA1,171,187.35723684210527,183.0,188.0,189.0
1,762,57,66,51,3.48,clIscA1,171,192.4672667757774,189.0,194.0,198.0
1,896,52,69,54,0.75,clIscA1,171,177.20421299005267,168.0,177.0,184.0
1,1026,44,74,54,1.1,clIscA1,171,190.97835051546392,186.0,190.0,195.0
2,364,153,65,47,1.45,clIscA1,171,184.2219178082192,178.0,184.0,188.0
2,492,158,67,50,7.0,clIscA1,171,190.4048611111111,185.0,190.0,197.0
2,631,161,70,51,3.05,clIscA1,171,201.8732394366197,194.0,201.0,208.0
2,761,162,69,52,3.29,clIscA1,171,200.03808273145108,194.0,200.0,207.0
2,902,157,71,54,0.9,clIscA1,171,189.06187845303867,182.0,189.0,194.0
2,1032,155,73,53,2.1,clIscA1,171,202.55537459283389,195.0,203.0,208.0
3,360,266,64,47,0.62,clIscA1,171,191.78560490045942,187.0,191.0,197.0
3,491,267,67,50,3.14,clIscA1,171,190.3389037433155,186.0,189.0,197.0
3,631,263,68,51,2.68,clIscA1,171,197.72884386174016,192.0,198.0,201.0
3,773,261,71,52,0.2,clIscA1,171,196.6804556354916,190.0,198.0,201.0
3,901,257,71,52,0.71,clIscA1,171,190.18426966292134,181.0,189.0,197.0
3,1037,263,72,52,4.0,clIscA1,171,191.83417085427135,185.0,191.0,198.0
4,361,372,64,46,0.57,clIscA1,171,187.98099929627023,182.0,188.0,192.0
4,495,371,68,49,1.78,clIscA1,171,191.39344262295083,186.0,190.0,198.0
4,619,369,69,50,1.74,clIscA1,171,192.4541590771099,187.0,192.0,198.0
4,771,372,72,51,4.46,clIscA1,171,200.72565864833905,191.0,200.0,208.0
4,904,366,72,52,0.66,clIscA1,171,198.24955960070463,191.0,198.0,203.0
4,1036,371,70,50,3.48,clIscA1,171,189.84826762246118,184.0,189.0,195.0
5,361,476,65,46,0.44,clIscA1,171,191.15250544662308,187.0,191.0,196.0
5,495,478,66,48,2.87,clIscA1,171,195.04536357571715,188.0,194.0,200.0
5,630,478,65,49,0.89,clIscA1,171,191.77144728225278,186.0,191.0,198.0
5,770,476,68,50,3.25,clIscA1,171,197.10555555555555,191.0,198.0,200.0
5,915,472,71,51,0.4,clIscA1,171,191.60816326530613,184.0,190.0,199.0
5,1036,477,70,51,2.0,clIscA1,171,184.85334121821407,178.0,187.0,189.0
6,361,583,65,47,0.33,clIscA1,171,186.64618644067798,179.0,188.0,191.0
6,487,579,66,48,1.62,clIscA1,171,198.87074829931973,192.0,198.0,205.0
6,634,577,66,48,7.18,clIscA1,171,208.58271935699932,201.0,208.0,213.0
6,767,580,65,48,5.43,clIscA1,171,216.34370860927152,210.0,217.0,220.0
6,904,582,70,50,0.2,clIscA1,171,191.96285548461984,185.0,192.0,197.0
6,1036,581,70,49,1.43,clIscA1,171,189.57335041639973,185.0,189.0,194.0
7,381,690,64,45,0.0001,clIscA1,171,186.48364648573417,181.0,188.0,189.0
7,508,687,62,45,3.55,clIscA1,171,198.25,190.0,198.0,206.0
7,632,684,58,45,8.27,clIscA1,171,205.7186218211649,198.0,206.0,210.0
7,764,681,60,45,4.46,clIscA1,171,207.59193548387097,201.0,208.0,211.0
7,905,682,65,47,0.26,clIscA1,171,200.37439109255394,193.0,199.0,207.0
7,1018,692,68,48,1.13,clIscA1,171,174.83386581469648,168.0,176.0,179.0
8,418,802,59,41,0.0002,clIscA1,171,188.03859649122808,180.0,188.0,194.0
8,533,787,52,38,1.92,clIscA1,171,197.8438864628821,190.0,198.0,204.0
8,652,778,48,37,1.12,clIscA1,171,201.84023668639054,194.0,201.0,208.0
8,764,782,47,38,3.19,clIscA1,171,205.255900621118,198.0,206.0,211.0
8,880,784,54,39,1.74,clIscA1,171,215.91853360488798,207.0,216.0,224.0
8,989,802,63,43,0.9,clIscA1,171,183.6617986164489,175.0,185.0,189.0
1,369,46,67,49,1.74,clIscA1,18,180.87323037323037,177.0,181.0,183.0
1,504,48,66,50,0.53,clIscA1,18,184.5453752181501,181.0,186.0,189.0
1,636,56,63,50,1.24,clIscA1,18,187.25859598853867,183.0,189.0,189.0
1,762,57,66,51,3.48,clIscA1,18,187.0415200562984,183.0,189.0,189.0
1,896,52,69,54,0.75,clIscA1,18,180.40695067264573,173.0,180.0,188.0
1,1026,44,74,54,1.1,clIscA1,18,178.9928388746803,175.0,180.0,181.0
2,364,153,65,47,1.45,clIscA1,18,190.1157082748948,187.0,190.0,193.0
2,491,158,68,50,7.0,clIscA1,18,200.7378277153558,196.0,201.0,205.0
2,631,161,70,51,3.05,clIscA1,18,196.6219512195122,190.0,197.0,202.0
2,761,162,68,52,3.29,clIscA1,18,196.6455223880597,190.0,196.0,201.0
2,902,157,71,54,0.9,clIscA1,18,188.95492957746478,182.0,189.0,193.0
2,1032,155,73,52,2.1,clIscA1,18,195.18868950516585,189.0,196.0,199.0
3,360,266,64,47,0.62,clIscA1,18,192.35281980742778,188.0,193.0,196.0
3,491,267,68,51,3.14,clIscA1,18,196.28125,190.0,196.0,200.0
3,631,263,68,51,2.68,clIscA1,18,195.60540223135644,191.0,196.0,199.0
3,773,261,70,52,0.2,clIscA1,18,190.5967460778617,184.0,190.0,195.0
3,901,257,71,52,0.71,clIscA1,18,190.86872586872587,184.0,190.0,195.0
3,1037,263,73,52,4.0,clIscA1,18,192.0974025974026,186.0,192.0,197.0
4,361,372,64,46,0.57,clIscA1,18,189.35183795948987,184.0,189.0,194.0
4,495,371,68,49,1.78,clIscA1,18,194.6211061665607,189.0,194.0,199.0
4,619,369,69,50,1.74,clIscA1,18,190.67265964042159,185.0,191.0,195.0
4,771,372,72,51,4.46,clIscA1,18,201.22508591065292,194.0,201.0,207.0
4,904,366,72,52,0.66,clIscA1,18,195.53632604843474,190.0,196.0,200.0
4,1036,371,70,50,3.48,clIscA1,18,190.61093247588425,185.0,191.0,195.0
5,361,476,65,46,0.44,clIscA1,18,192.63858695652175,188.0,193.0,196.0
5,494,478,67,49,2.87,clIscA1,18,196.44990303813833,191.0,196.0,201.0
5,630,478,66,49,0.89,clIscA1,18,190.69891095451632,184.0,190.0,195.0
5,769,476,69,50,3.25,clIscA1,18,197.97660098522167,194.0,197.0,203.0
5,915,472,71,51,0.4,clIscA1,18,190.79680365296804,184.0,190.0,196.0
5,1036,477,70,51,2.0,clIscA1,18,186.78169014084506,180.0,188.0,191.0
6,361,583,65,47,0.33,clIscA1,18,187.64468371467026,182.0,189.0,191.0
6,487,579,66,48,1.62,clIscA1,18,198.66775670372792,193.0,197.0,204.0
6,634,577,66,48,7.18,clIscA1,18,213.2685060565276,207.0,212.0,218.0
6,767,580,65,48,5.43,clIscA1,18,207.2916102841678,203.0,207.0,211.0
6,904,582,70,50,0.2,clIscA1,18,189.91833137485312,185.0,190.0,194.0
6,1036,581,70,49,1.43,clIscA1,18,190.77636363636364,186.0,191.0,195.0
7,381,690,64,45,0.0001,clIscA1,18,185.6041968162084,181.0,186.0,189.0
7,508,687,62,45,3.55,clIscA1,18,201.55183164458302,196.0,202.0,206.0
7,632,684,59,45,8.27,clIscA1,18,213.87275693311582,208.0,214.0,219.0
7,764,681,60,45,4.46,clIscA1,18,207.35192458758837,202.0,207.0,211.0
7,905,682,65,47,0.26,clIscA1,18,196.98033898305084,190.0,196.0,203.0
7,1018,692,68,48,1.13,clIscA1,18,179.54966070326958,174.0,180.0,183.0
8,418,802,59,42,0.0002,clIscA1,18,185.89655172413794,178.0,187.0,191.0
8,533,787,52,38,1.92,clIscA1,18,197.1863488624052,189.0,197.0,204.0
8,652,778,48,37,1.12,clIscA1,18,205.3965317919075,198.0,205.0,210.0
8,764,782,47,38,3.19,clIscA1,18,202.6757425742574,197.0,204.0,207.0
8,880,784,54,39,1.74,clIscA1,18,204.40518962075848,197.0,205.0,210.0
8,988,802,64,43,0.9,clIscA1,18,185.3596837944664,177.0,187.0,191.0
1,369,46,67,49,1.74,clIscA1,180,181.57258566978194,176.0,182.0,185.0
1,504,48,66,50,0.53,clIscA1,180,192.5013157894737,187.0,193.0,195.0
1,636,56,63,50,1.24,clIscA1,180,189.0159817351598,184.0,189.0,194.0
1,763,57,65,51,3.48,clIscA1,180,194.09960422163587,189.0,195.0,197.0
1,896,52,69,54,0.75,clIscA1,180,184.0096153846154,176.0,184.0,190.0
1,1026,44,74,54,1.1,clIscA1,180,195.54881266490764,191.0,195.0,199.0
2,364,153,65,47,1.45,clIscA1,180,190.1757575757576,184.0,191.0,195.0
2,492,158,67,50,7.0,clIscA1,180,195.09084924292299,190.0,195.0,199.0
2,631,161,70,51,3.05,clIscA1,180,202.43251533742333,196.0,203.0,207.0
2,761,162,68,52,3.29,clIscA1,180,202.53763440860214,195.0,203.0,207.0
2,902,157,71,54,0.9,clIscA1,180,194.5141373341027,186.0,195.0,199.0
2,1032,155,73,53,2.1,clIscA1,180,208.05227552275522,201.0,208.0,215.0
3,360,266,64,46,0.62,clIscA1,180,199.0541601255887,194.0,199.0,205.0
3,491,267,67,51,3.14,clIscA1,180,194.7484993997599,189.0,195.0,199.0
3,631,263,68,51,2.68,clIscA1,180,197.96342182890857,194.0,196.0,203.0
3,774,261,69,52,0.2,clIscA1,180,196.3943661971831,191.0,196.0,202.0
3,901,257,71,52,0.71,clIscA1,180,195.09761508596785,186.0,195.0,202.0
3,1037,263,73,52,4.0,clIscA1,180,197.2827256425583,189.0,197.0,205.0
4,361,372,64,46,0.57,clIscA1,180,195.1818181818182,189.0,195.0,200.0
4,495,371,68,49,1.78,clIscA1,180,195.86666666666667,190.0,195.0,202.0
4,619,369,69,50,1.74,clIscA1,180,194.14909544603867,187.0,195.0,198.0
4,772,372,71,51,4.46,clIscA1,180,202.54112308564947,194.0,202.0,209.0
4,904,366,72,52,0.66,clIscA1,180,203.31693683622134,196.0,205.0,208.0
4,1036,371,70,50,3.48,clIscA1,180,195.11707905853953,189.0,195.0,199.0
5,361,476,65,46,0.44,clIscA1,180,198.24663359319632,193.0,198.0,204.0
5,495,478,66,48,2.87,clIscA1,180,199.43107932379715,194.0,198.0,206.0
5,630,478,65,49,0.89,clIscA1,180,192.5360962566845,185.0,192.0,198.0
5,770,476,68,49,3.25,clIscA1,180,196.84506172839505,193.0,196.0,202.0
5,915,472,71,51,0.4,clIscA1,180,197.1138872748402,188.0,196.0,205.0
5,1036,477,70,51,2.0,clIscA1,180,190.34267734553777,183.0,191.0,195.0
6,361,583,65,47,0.33,clIscA1,180,193.8588567395907,186.0,195.0,199.0
6,487,579,66,48,1.62,clIscA1,180,203.2985877605918,195.0,204.0,209.0
6,634,577,66,48,7.18,clIscA1,180,208.9339686861811,205.0,208.0,215.0
6,767,580,65,48,5.43,clIscA1,180,218.43402777777777,213.0,217.0,224.0
6,904,582,70,50,0.2,clIscA1,180,196.7779751332149,191.0,196.0,203.0
6,1036,581,70,49,1.43,clIscA1,180,194.6189349112426,188.0,195.0,198.0
7,381,690,64,45,0.0001,clIscA1,180,192.0182841068917,185.0,193.0,195.0
7,508,687,62,45,3.55,clIscA1,180,204.20077519379845,196.0,205.0,210.0
7,632,684,58,45,8.27,clIscA1,180,206.43431855500822,200.0,206.0,212.0
7,764,681,60,45,4.46,clIscA1,180,208.26530612244898,201.0,208.0,214.0
7,905,682,65,47,0.26,clIscA1,180,204.74216027874564,196.0,205.0,210.0
7,1019,692,67,48,1.13,clIscA1,180,180.60978670012548,174.0,181.0,185.0
8,418,802,59,41,0.0002,clIscA1,180,191.96498719043552,184.0,193.0,196.0
8,533,787,52,38,1.92,clIscA1,180,202.31339977851607,194.0,203.0,209.0
8,652,778,48,37,1.12,clIscA1,180,204.1375464684015,195.0,205.0,212.0
8,764,782,47,38,3.19,clIscA1,180,209.74671445639189,203.0,209.0,216.0
8,880,784,54,39,1.74,clIscA1,180,222.00197044334976,213.0,222.0,228.0
8,989,802,63,43,0.9,clIscA1,180,189.2325581395349,180.0,190.0,195.0
1,369,46,66,49,1.74,clIscA1,189,175.4266917293233,173.0,175.0,177.0
1,504,48,66,50,0.53,clIscA1,189,185.77777777777777,183.0,186.0,189.0
1,636,56,63,50,1.24,clIscA1,189,188.72869225764475,184.0,188.0,193.0
1,762,57,66,51,3.48,clIscA1,189,194.54200884396715,190.0,195.0,197.0
1,896,52,69,54,0.75,clIscA1,189,179.19627192982455,172.0,178.0,185.0
1,1026,44,74,54,1.1,clIscA1,189,193.85240464344943,189.0,195.0,196.0
2,364,154,65,46,1.45,clIscA1,189,184.97731958762887,181.0,185.0,187.0
2,492,158,67,50,7.0,clIscA1,189,191.52083333333334,185.0,192.0,195.0
2,631,161,70,51,3.05,clIscA1,189,203.52823315118397,195.0,204.0,209.0
2,761,162,69,52,3.29,clIscA1,189,202.97609085475193,195.0,205.0,207.0
2,902,157,71,53,0.9,clIscA1,189,190.9142857142857,185.0,191.0,195.0
2,1032,155,73,52,2.1,clIscA1,189,204.29,196.0,205.0,209.0
3,360,266,64,47,0.62,clIscA1,189,193.72494669509595,187.0,195.0,196.0
3,491,267,67,51,3.14,clIscA1,189,191.16826347305388,185.0,192.0,196.0
3,631,263,68,51,2.68,clIscA1,189,198.3056768558952,194.0,197.0,204.0
3,773,261,71,52,0.2,clIscA1,189,197.75221238938053,193.0,197.0,203.0
3,901,257,71,52,0.71,clIscA1,189,191.42960489705064,184.0,192.0,197.0
3,1037,263,72,52,4.0,clIscA1,189,192.96924766611752,185.0,194.0,199.0
4,361,372,63,46,0.57,clIscA1,189,188.90895953757226,184.0,188.0,195.0
4,495,371,68,49,1.78,clIscA1,189,192.8706338939198,185.0,194.0,198.0
4,619,369,69,50,1.74,clIscA1,189,193.54728492983526,186.0,194.0,199.0
4,772,372,71,51,4.46,clIscA1,189,201.86397268070576,194.0,201.0,208.0
4,904,366,72,52,0.66,clIscA1,189,199.1457174638487,193.0,198.0,205.0
4,1036,371,70,50,3.48,clIscA1,189,191.6366330764671,185.0,193.0,195.0
5,361,476,65,46,0.44,clIscA1,189,193.69817927170868,187.0,195.0,198.0
5,495,478,66,48,2.87,clIscA1,189,196.3256880733945,189.0,195.0,202.0
5,630,478,66,49,0.89,clIscA1,189,193.04441453566622,186.0,194.0,198.0
5,770,476,68,50,3.25,clIscA1,189,197.70233702337023,194.0,196.0,202.0
5,915,472,71,51,0.4,clIscA1,189,193.61211415259174,185.0,194.0,200.0
5,1036,477,70,51,2.0,clIscA1,189,185.20247678018575,179.0,185.0,191.0
6,361,583,65,47,0.33,clIscA1,189,188.99379310344827,183.0,188.0,195.0
6,487,579,66,48,1.62,clIscA1,189,200.11665586519766,194.0,198.0,206.0
6,634,577,66,48,7.18,clIscA1,189,210.1417859577369,205.0,209.0,216.0
6,767,580,65,48,5.43,clIscA1,189,218.87437544610992,214.0,218.0,225.0
6,904,582,70,50,0.2,clIscA1,189,193.6605504587156,187.0,194.0,199.0
6,1036,581,70,49,1.43,clIscA1,189,190.02029520295204,184.0,190.0,195.0
7,381,690,64,45,0.0001,clIscA1,189,187.07720057720059,184.0,186.0,191.0
7,508,687,62,44,3.55,clIscA1,189,199.69389373513084,193.0,198.0,206.0
7,632,685,58,44,8.27,clIscA1,189,206.02373158756137,198.0,206.0,211.0
7,764,681,60,45,4.46,clIscA1,189,209.0860820595334,205.0,209.0,213.0
7,905,682,65,47,0.26,clIscA1,189,201.77956613016096,194.0,202.0,208.0
7,1019,692,67,48,1.13,clIscA1,189,175.42810880829015,170.0,175.0,181.0
8,418,802,59,42,0.0002,clIscA1,189,189.14350590372388,181.0,189.0,195.0
8,533,787,52,38,1.92,clIscA1,189,199.61226725082147,191.0,199.0,206.0
8,652,778,48,37,1.12,clIscA1,189,203.7514863258026,195.0,205.0,209.0
8,764,782,47,38,3.19,clIscA1,189,208.01294117647058,201.0,208.0,212.0
8,880,784,54,39,1.74,clIscA1,189,219.59037328094303,210.0,219.0,226.0
8,989,802,63,43,0.9,clIscA1,189,185.3628389154705,177.0,185.0,192.0
1,369,46,67,49,1.74,clIscA1,198,175.6977806788512,173.0,175.0,179.0
1,504,48,66,50,0.53,clIscA1,198,185.0064267352185,182.0,185.0,187.0
1,636,56,63,50,1.24,clIscA1,198,184.1002621231979,179.0,185.0,186.0
1,762,57,65,51,3.48,clIscA1,198,189.84057971014494,186.0,191.0,195.0
1,896,52,69,54,0.75,clIscA1,198,177.74418604651163,170.0,176.0,185.0
1,1026,44,74,54,1.1,clIscA1,198,192.88179419525065,187.0,194.0,195.0
2,364,153,65,47,1.45,clIscA1,198,184.67098092643053,180.0,185.0,187.0
2,492,158,67,50,7.0,clIscA1,198,187.69708994708995,183.0,187.0,193.0
2,631,161,70,51,3.05,clIscA1,198,196.95339233038348,191.0,197.0,202.0
2,761,162,68,52,3.29,clIscA1,198,196.4366529169122,192.0,195.0,201.0
2,902,157,71,54,0.9,clIscA1,198,188.0721096543504,183.0,188.0,194.0
2,1032,155,73,53,2.1,clIscA1,198,203.26070663811564,195.0,205.0,208.0
3,360,266,63,47,0.62,clIscA1,198,193.68296089385476,188.0,195.0,196.0
3,491,267,67,51,3.14,clIscA1,198,187.24454428754814,184.0,186.0,193.0
3,631,263,68,51,2.68,clIscA1,198,192.1298377028714,185.0,193.0,195.0
3,774,260,70,53,0.2,clIscA1,198,192.26510263929617,185.0,194.0,196.0
3,901,257,71,52,0.71,clIscA1,198,188.55395683453239,182.0,187.0,195.0
3,1037,263,73,52,4.0,clIscA1,198,191.12450925406617,184.0,193.0,196.0
4,361,372,64,46,0.57,clIscA1,198,187.7024106400665,183.0,187.0,195.0
4,495,371,68,49,1.78,clIscA1,198,188.46488502175265,184.0,187.0,195.0
4,619,369,69,50,1.74,clIscA1,198,188.16431637032494,183.0,187.0,193.0
4,772,372,71,51,4.46,clIscA1,198,195.5142857142857,187.0,195.0,203.0
4,904,366,72,52,0.66,clIscA1,198,196.47012841987717,190.0,196.0,202.0
4,1036,371,70,50,3.48,clIscA1,198,189.897146254459,184.0,190.0,195.0
5,361,476,65,46,0.44,clIscA1,198,193.04084411164058,186.0,194.0,197.0
5,494,478,67,48,2.87,clIscA1,198,192.61750841750842,185.0,193.0,197.0
5,630,478,65,49,0.89,clIscA1,198,186.71631685849695,181.0,186.0,192.0
5,770,476,68,49,3.25,clIscA1,198,191.6003775959723,185.0,192.0,195.0
5,915,472,71,51,0.4,clIscA1,198,191.31988636363636,184.0,191.0,197.0
5,1036,477,70,51,2.0,clIscA1,198,184.66092636579572,176.0,185.0,189.0
6,361,583,65,47,0.33,clIscA1,198,188.06694560669456,183.0,187.0,194.0
6,487,579,66,48,1.62,clIscA1,198,196.03004005340455,188.0,195.0,203.0
6,634,577,65,48,7.18,clIscA1,198,201.33467741935485,195.0,201.0,207.0
6,767,580,65,48,5.43,clIscA1,198,213.14627285513362,206.0,213.0,217.0
6,904,582,70,50,0.2,clIscA1,198,192.57897897897897,185.0,192.0,198.0
6,1036,581,70,49,1.43,clIscA1,198,187.9284447072738,183.0,187.0,193.0
7,381,690,64,45,0.0001,clIscA1,198,185.6937631394534,183.0,185.0,188.0
7,508,687,62,45,3.55,clIscA1,198,196.31377151799688,189.0,195.0,203.0
7,632,685,58,44,8.27,clIscA1,198,198.79374471682164,192.0,198.0,205.0
7,764,681,60,45,4.46,clIscA1,198,202.7472353870458,196.0,203.0,207.0
7,905,682,65,47,0.26,clIscA1,198,199.8555632342778,194.0,198.0,206.0
7,1019,692,67,48,1.13,clIscA1,198,174.9916720051249,168.0,175.0,180.0
8,418,802,59,42,0.0002,clIscA1,198,186.7861936720997,179.0,187.0,194.0
8,533,787,51,38,1.92,clIscA1,198,195.82800441014334,188.0,195.0,203.0
8,652,778,48,37,1.12,clIscA1,198,197.37470997679813,190.0,197.0,204.0
8,764,782,47,38,3.19,clIscA1,198,205.12338425381904,197.0,206.0,210.0
8,880,784,54,39,1.74,clIscA1,198,218.21875,209.0,217.0,226.0
8,989,802,63,43,0.9,clIscA1,198,182.8078125,176.0,184.0,187.0
1,369,46,66,49,1.74,clIscA1,207,177.07230657989876,173.0,178.0,181.0
1,504,48,66,50,0.53,clIscA1,207,190.8671926364234,185.0,193.0,193.0
1,636,56,63,50,1.24,clIscA1,207,187.94901960784313,184.0,192.0,193.0
1,762,57,66,51,3.48,clIscA1,207,198.11721611721612,194.0,199.0,204.0
1,896,52,69,54,0.75,clIscA1,207,180.37224538415722,172.0,180.0,186.0
1,1026,44,74,54,1.1,clIscA1,207,197.66123982467127,192.0,199.0,204.0
2,364,153,65,47,1.45,clIscA1,207,186.08314606741573,181.0,186.0,192.0
2,492,159,67,49,7.0,clIscA1,207,193.8091982597887,187.0,193.0,199.0
2,631,161,70,51,3.05,clIscA1,207,204.9903206291591,196.0,205.0,211.0
2,761,162,68,52,3.29,clIscA1,207,205.01513317191282,198.0,204.0,211.0
2,902,157,71,54,0.9,clIscA1,207,192.86449399656948,186.0,193.0,197.0
2,1032,155,73,53,2.1,clIscA1,207,206.39299867899604,200.0,207.0,214.0
3,360,266,64,47,0.62,clIscA1,207,195.78811739441662,192.0,195.0,201.0
3,491,267,67,50,3.14,clIscA1,207,193.18669920683342,186.0,193.0,198.0
3,631,263,68,51,2.68,clIscA1,207,200.61557177615572,193.0,201.0,204.0
3,773,261,71,52,0.2,clIscA1,207,200.77901524032825,193.0,201.0,206.0
3,901,257,71,52,0.71,clIscA1,207,193.05738636363637,183.0,193.0,200.0
3,1037,263,72,52,4.0,clIscA1,207,194.90726520968695,187.0,195.0,203.0
4,361,372,64,46,0.57,clIscA1,207,192.05555555555554,184.0,193.0,196.0
4,495,371,68,49,1.78,clIscA1,207,194.22696766320928,187.0,193.0,200.0
4,619,369,69,50,1.74,clIscA1,207,195.66772756206237,191.0,194.0,202.0
4,772,372,71,51,4.46,clIscA1,207,203.64002333722286,195.0,204.0,211.0
4,904,366,72,52,0.66,clIscA1,207,201.7249860257127,194.0,203.0,206.0
4,1036,371,70,50,3.48,clIscA1,207,192.77227101631118,186.0,193.0,197.0
5,361,476,65,46,0.44,clIscA1,207,196.22339675828047,191.0,196.0,202.0
5,495,478,66,48,2.87,clIscA1,207,197.37620578778134,191.0,196.0,204.0
5,630,478,65,49,0.89,clIscA1,207,194.90201342281878,188.0,193.0,201.0
5,770,476,68,49,3.25,clIscA1,207,199.4869509866327,193.0,199.0,204.0
5,915,472,71,51,0.4,clIscA1,207,196.68742724097788,190.0,195.0,204.0
5,1036,477,70,50,2.0,clIscA1,207,187.73915737298637,181.0,188.0,193.0
6,361,583,65,47,0.33,clIscA1,207,190.61088154269973,183.0,192.0,195.0
6,487,579,66,48,1.62,clIscA1,207,201.64174031271244,193.0,203.0,207.0
6,634,577,65,48,7.18,clIscA1,207,210.73888888888888,204.0,212.0,215.0
6,767,580,65,48,5.43,clIscA1,207,220.85142469470827,214.0,221.0,226.0
6,904,582,70,50,0.2,clIscA1,207,196.9148812970469,191.0,196.0,202.0
6,1036,581,70,49,1.43,clIscA1,207,193.01914762198888,187.0,193.0,197.0
7,381,690,64,45,0.0001,clIscA1,207,191.6126062322946,185.0,193.0,194.0
7,508,687,62,44,3.55,clIscA1,207,200.75266362252663,193.0,202.0,205.0
7,632,684,58,45,8.27,clIscA1,207,206.28408091468776,199.0,206.0,213.0
7,764,681,60,45,4.46,clIscA1,207,209.37864077669903,204.0,209.0,214.0
7,905,682,65,47,0.26,clIscA1,207,205.29690721649484,198.0,204.0,211.0
7,1019,692,67,48,1.13,clIscA1,207,177.23655217109527,171.0,177.0,182.0
8,418,802,59,41,0.0002,clIscA1,207,191.50733390854185,182.0,193.0,198.0
8,533,787,52,38,1.92,clIscA1,207,203.31686358754027,195.0,204.0,210.0
8,652,778,48,37,1.12,clIscA1,207,205.0082063305979,197.0,205.0,211.0
8,764,782,47,38,3.19,clIscA1,207,211.45367027677497,204.0,212.0,217.0
8,880,784,54,39,1.74,clIscA1,207,223.2089552238806,213.0,224.0,231.0
8,989,802,63,43,0.9,clIscA1,207,189.00986842105263,182.0,191.0,193.0
1,369,46,67,49,1.74,clIscA1,216,179.21567398119123,174.0,180.0,182.0
1,504,48,66,50,0.53,clIscA1,216,186.64285714285714,181.0,187.0,192.0
1,636,56,63,50,1.24,clIscA1,216,185.9076411960133,181.0,185.0,191.0
1,763,57,64,51,3.48,clIscA1,216,193.52062868369353,190.0,194.0,196.0
1,896,52,69,54,0.75,clIscA1,216,179.3425567238517,171.0,179.0,185.0
1,1026,44,74,54,1.1,clIscA1,216,193.59314997405292,189.0,193.0,196.0
2,364,153,65,47,1.45,clIscA1,216,184.5164113785558,180.0,184.0,189.0
2,492,159,67,49,7.0,clIscA1,216,188.29875,182.0,188.0,193.0
2,631,161,70,51,3.05,clIscA1,216,200.95714285714286,193.0,202.0,205.0
2,761,162,68,52,3.29,clIscA1,216,199.86823529411765,193.0,201.0,204.0
2,902,157,71,54,0.9,clIscA1,216,191.6674325100517,182.0,193.0,197.0
2,1032,155,73,52,2.1,clIscA1,216,204.42170626349892,197.0,204.0,210.0
3,360,266,64,47,0.62,clIscA1,216,195.194209039548,191.0,194.0,200.0
3,491,267,67,50,3.14,clIscA1,216,189.5501269035533,182.0,190.0,193.0
3,631,263,68,51,2.68,clIscA1,216,195.27553444180523,192.0,194.0,200.0
3,773,261,70,52,0.2,clIscA1,216,194.74340527577937,187.0,194.0,201.0
3,901,257,72,52,0.71,clIscA1,216,190.88107791446984,182.0,192.0,197.0
3,1037,263,73,52,4.0,clIscA1,216,193.56703296703296,185.0,193.0,199.0
4,361,372,64,46,0.57,clIscA1,216,190.01797268152407,183.0,192.0,194.0
4,495,371,68,49,1.78,clIscA1,216,190.34967741935483,182.0,191.0,196.0
4,619,369,69,50,1.74,clIscA1,216,191.1927562922038,184.0,192.0,196.0
4,772,372,71,51,4.46,clIscA1,216,198.9816513761468,192.0,198.0,205.0
4,904,366,72,52,0.66,clIscA1,216,198.95686274509805,192.0,199.0,204.0
4,1036,371,70,50,3.48,clIscA1,216,191.01847290640393,184.0,193.0,194.0
5,361,476,65,46,0.44,clIscA1,216,193.97705146036162,188.0,193.0,199.0
5,495,478,66,48,2.87,clIscA1,216,193.88487282463186,187.0,193.0,200.0
5,630,478,65,49,0.89,clIscA1,216,189.43322259136212,182.0,189.0,195.0
5,770,476,68,49,3.25,clIscA1,216,193.6591056383668,191.0,193.0,197.0
5,915,472,71,51,0.4,clIscA1,216,192.52736904061211,183.0,193.0,200.0
5,1036,477,70,51,2.0,clIscA1,216,187.27148784825133,179.0,187.0,193.0
6,361,583,65,46,0.33,clIscA1,216,188.81629834254144,181.0,190.0,194.0
6,487,579,66,48,1.62,clIscA1,216,199.16655562958027,192.0,199.0,204.0
6,634,577,65,48,7.18,clIscA1,216,204.8722259583053,199.0,204.0,210.0
6,767,580,65,48,5.43,clIscA1,216,216.5977011494253,211.0,215.0,223.0
6,904,582,70,50,0.2,clIscA1,216,193.17391304347825,185.0,193.0,199.0
6,1036,581,70,49,1.43,clIscA1,216,192.08262454434993,185.0,193.0,196.0
7,381,690,64,45,0.0001,clIscA1,216,185.8821478382148,181.0,184.0,191.0
7,508,687,62,45,3.55,clIscA1,216,199.3107476635514,192.0,200.0,204.0
7,632,685,58,44,8.27,clIscA1,216,201.41465445462114,194.0,202.0,206.0
7,764,681,60,45,4.46,clIscA1,216,205.47710241465447,200.0,205.0,210.0
7,905,682,65,47,0.26,clIscA1,216,202.6594827586207,193.0,203.0,209.0
7,1019,692,67,48,1.13,clIscA1,216,177.356146179402,171.0,178.0,182.0
8,418,802,59,41,0.0002,clIscA1,216,189.54409171075838,183.0,191.0,193.0
8,533,787,52,38,1.92,clIscA1,216,199.78131868131868,192.0,200.0,205.0
8,652,778,48,37,1.12,clIscA1,216,202.00233372228703,193.0,203.0,207.0
8,764,782,47,38,3.19,clIscA1,216,207.20377358490566,200.0,207.0,214.0
8,879,784,55,39,1.74,clIscA1,216,221.65015166835187,212.0,222.0,230.0
8,989,802,63,43,0.9,clIscA1,216,184.5355233002292,175.0,183.0,192.0
1,369,46,66,49,1.74,clIscA1,225,171.80786026200875,170.0,172.0,173.0
1,504,48,66,50,0.53,clIscA1,225,182.38652256834075,180.0,182.0,185.0
1,636,56,63,50,1.24,clIscA1,225,182.91932335718934,180.0,182.0,186.0
1,763,57,65,51,3.48,clIscA1,225,191.29753761969903,185.0,193.0,193.0
1,896,52,69,54,0.75,clIscA1,225,176.32891100055278,169.0,175.0,182.0
1,1026,44,74,54,1.1,clIscA1,225,193.76104310803618,190.0,193.0,197.0
2,364,154,64,46,1.45,clIscA1,225,181.1705263157895,176.0,182.0,183.0
2,492,159,67,49,7.0,clIscA1,225,185.18792866941016,181.0,185.0,192.0
2,631,161,70,51,3.05,clIscA1,225,199.25665859564165,193.0,200.0,204.0
2,761,162,68,52,3.29,clIscA1,225,196.53712699514227,192.0,197.0,204.0
2,902,157,71,54,0.9,clIscA1,225,188.00113314447592,181.0,188.0,193.0
2,1032,155,73,53,2.1,clIscA1,225,202.54448017148982,195.0,203.0,207.0
3,360,266,64,46,0.62,clIscA1,225,191.9170305676856,186.0,193.0,194.0
3,491,267,67,50,3.14,clIscA1,225,187.41777509068925,181.0,186.0,193.0
3,631,263,68,51,2.68,clIscA1,225,194.11340206185568,192.0,193.0,197.0
3,773,261,71,52,0.2,clIscA1,225,193.6601941747573,186.0,193.0,199.0
3,901,257,72,52,0.71,clIscA1,225,188.60273224043715,181.0,189.0,194.0
3,1037,263,73,52,4.0,clIscA1,225,189.914113785558,182.0,191.0,195.0
4,361,372,64,46,0.57,clIscA1,225,185.52199850857568,180.0,185.0,192.0
4,495,371,68,49,1.78,clIscA1,225,188.84940554821665,181.0,188.0,194.0
4,619,369,69,50,1.74,clIscA1,225,189.93882646691637,182.0,190.0,194.0
4,772,372,71,51,4.46,clIscA1,225,197.1781838949172,188.0,196.0,204.0
4,904,366,72,52,0.66,clIscA1,225,196.11071640023684,192.0,196.0,202.0
4,1036,371,70,50,3.48,clIscA1,225,185.95483359746433,181.0,188.0,193.0
5,361,476,65,46,0.44,clIscA1,225,191.23114525139664,184.0,192.0,195.0
5,495,478,66,48,2.87,clIscA1,225,191.95520421607378,184.0,192.0,197.0
5,630,478,66,49,0.89,clIscA1,225,187.43314139475368,181.0,186.0,193.0
5,770,476,68,49,3.25,clIscA1,225,192.13459196102315,185.0,193.0,196.0
5,915,472,71,51,0.4,clIscA1,225,190.93161893629457,182.0,193.0,196.0
5,1036,477,70,51,2.0,clIscA1,225,182.2860506180106,175.0,182.0,187.0
6,361,583,65,47,0.33,clIscA1,225,185.75089221984297,180.0,185.0,193.0
6,487,579,66,48,1.62,clIscA1,225,196.64256480218282,192.0,195.0,204.0
6,634,577,66,48,7.18,clIscA1,225,202.93356401384082,194.0,204.0,208.0
6,767,580,65,48,5.43,clIscA1,225,214.97515110812625,209.0,214.0,221.0
6,904,582,70,50,0.2,clIscA1,225,191.96020466173962,185.0,192.0,197.0
6,1036,581,70,49,1.43,clIscA1,225,185.9258517034068,181.0,186.0,192.0
7,381,690,64,45,0.0001,clIscA1,225,184.83511450381678,181.0,184.0,191.0
7,508,687,62,44,3.55,clIscA1,225,195.4828375286041,188.0,194.0,203.0
7,632,685,58,44,8.27,clIscA1,225,198.36757215619696,192.0,199.0,204.0
7,764,681,60,45,4.46,clIscA1,225,203.3579121789561,196.0,204.0,207.0
7,905,682,65,47,0.26,clIscA1,225,199.57721872816214,192.0,200.0,205.0
7,1019,692,67,48,1.13,clIscA1,225,171.26345431789738,165.0,172.0,175.0
8,418,802,59,42,0.0002,clIscA1,225,185.45195729537366,178.0,185.0,193.0
8,533,787,51,38,1.92,clIscA1,225,195.84935897435898,186.0,195.0,204.0
8,652,778,48,37,1.12,clIscA1,225,198.16589327146173,190.0,197.0,205.0
8,764,782,47,38,3.19,clIscA1,225,205.42874109263659,198.0,205.0,210.0
8,879,784,55,39,1.74,clIscA1,225,218.63582677165354,210.0,218.0,225.0
8,989,802,63,43,0.9,clIscA1,225,183.2420480993018,175.0,183.0,189.0
1,369,46,67,49,1.74,clIscA1,27,178.51834556370915,174.0,179.0,181.0
1,504,48,66,50,0.53,clIscA1,27,185.7822695035461,182.0,187.0,187.0
1,636,56,64,50,1.24,clIscA1,27,185.88888888888889,181.0,187.0,188.0
1,763,57,65,51,3.48,clIscA1,27,185.59851551956814,181.0,187.0,188.0
1,896,52,69,54,0.75,clIscA1,27,179.30040206777713,171.0,179.0,186.0
1,1026,44,74,54,1.1,clIscA1,27,178.18971722365038,174.0,179.0,180.0
2,364,153,65,47,1.45,clIscA1,27,188.22515635858235,185.0,188.0,191.0
2,491,158,68,50,7.0,clIscA1,27,199.9449715370019,194.0,201.0,205.0
2,631,161,70,51,3.05,clIscA1,27,195.59745222929936,190.0,196.0,201.0
2,761,162,68,52,3.29,clIscA1,27,197.05971014492755,193.0,196.0,202.0
2,902,157,71,54,0.9,clIscA1,27,188.15002820078962,182.0,188.0,193.0
2,1032,155,73,53,2.1,clIscA1,27,193.75083798882682,188.0,194.0,199.0
3,360,266,64,47,0.62,clIscA1,27,191.1216702663787,187.0,192.0,194.0
3,491,267,68,51,3.14,clIscA1,27,195.4151515151515,189.0,194.0,200.0
3,631,263,68,51,2.68,clIscA1,27,195.02914931588342,192.0,194.0,198.0
3,773,261,71,52,0.2,clIscA1,27,191.71557562076748,187.0,191.0,195.0
3,901,257,72,52,0.71,clIscA1,27,189.84846796657382,183.0,189.0,194.0
3,1037,263,72,52,4.0,clIscA1,27,190.50478334271244,185.0,191.0,195.0
4,361,372,64,46,0.57,clIscA1,27,188.59420289855072,184.0,188.0,193.0
4,495,371,68,49,1.78,clIscA1,27,194.31475409836065,188.0,194.0,199.0
4,619,369,69,50,1.74,clIscA1,27,190.24954351795495,186.0,190.0,194.0
4,771,372,72,51,4.46,clIscA1,27,200.95963615690732,193.0,201.0,208.0
4,904,366,72,52,0.66,clIscA1,27,195.4338866628506,189.0,195.0,200.0
4,1036,371,70,50,3.48,clIscA1,27,189.246735395189,185.0,190.0,194.0
5,361,476,65,46,0.44,clIscA1,27,190.95027624309392,186.0,191.0,194.0
5,494,478,67,48,2.87,clIscA1,27,196.78116710875332,191.0,196.0,202.0
5,630,478,66,49,0.89,clIscA1,27,190.53585397653194,186.0,190.0,195.0
5,770,476,68,50,3.25,clIscA1,27,196.7708913649025,193.0,197.0,201.0
5,915,472,71,51,0.4,clIscA1,27,190.40140023337221,184.0,190.0,195.0
5,1036,477,70,51,2.0,clIscA1,27,185.16606280193236,179.0,186.0,190.0
6,361,583,65,47,0.33,clIscA1,27,185.18709677419355,179.0,187.0,189.0
6,487,579,66,48,1.62,clIscA1,27,199.09417344173443,193.0,199.0,205.0
6,634,577,66,48,7.18,clIscA1,27,212.6867469879518,208.0,211.0,218.0
6,767,580,65,48,5.43,clIscA1,27,208.61422708618332,202.0,209.0,213.0
6,904,582,70,50,0.2,clIscA1,27,189.70605700712588,185.0,190.0,194.0
6,1036,581,70,49,1.43,clIscA1,27,189.18046048537647,186.0,189.0,193.0
7,381,690,64,45,0.0001,clIscA1,27,183.89354151880767,179.0,184.0,188.0
7,508,687,62,45,3.55,clIscA1,27,202.21607278241092,195.0,202.0,209.0
7,632,684,59,45,8.27,clIscA1,27,212.32792207792207,206.0,212.0,218.0
7,764,681,60,45,4.46,clIscA1,27,205.86006289308176,201.0,205.0,210.0
7,905,682,65,47,0.26,clIscA1,27,196.6683133380381,190.0,195.0,202.0
7,1018,692,68,48,1.13,clIscA1,27,177.94930291508237,172.0,179.0,182.0
8,418,802,59,42,0.0002,clIscA1,27,184.30337078651687,177.0,186.0,189.0
8,533,787,52,38,1.92,clIscA1,27,193.40776699029126,185.0,193.0,200.0
8,652,778,48,37,1.12,clIscA1,27,195.61334867663982,187.0,195.0,201.0
8,764,782,47,38,3.19,clIscA1,27,191.87878787878788,186.0,191.0,197.0
8,880,784,54,39,1.74,clIscA1,27,198.1949069539667,189.0,197.0,205.0
8,989,802,63,43,0.9,clIscA1,27,184.5098784194529,176.0,185.0,190.0
1,369,46,67,49,1.74,clIscA1,36,186.2719298245614,182.0,186.0,190.0
1,504,48,66,50,0.53,clIscA1,36,190.46922110552765,186.0,192.0,193.0
1,636,56,64,50,1.24,clIscA1,36,191.56584362139918,187.0,192.0,194.0
1,763,57,65,51,3.48,clIscA1,36,190.58032128514057,186.0,192.0,193.0
1,896,52,69,54,0.75,clIscA1,36,184.19800332778703,177.0,184.0,192.0
1,1026,44,74,54,1.1,clIscA1,36,184.48738170347002,181.0,184.0,187.0
2,364,153,65,47,1.45,clIscA1,36,195.76990553306342,191.0,196.0,199.0
2,491,158,68,50,7.0,clIscA1,36,204.72623574144487,200.0,205.0,209.0
2,631,161,70,51,3.05,clIscA1,36,201.575625,195.0,202.0,207.0
2,761,162,68,52,3.29,clIscA1,36,200.5,194.0,200.0,205.0
2,902,157,71,54,0.9,clIscA1,36,193.26686390532544,185.0,193.0,198.0
2,1032,155,73,53,2.1,clIscA1,36,200.62347472399767,194.0,200.0,206.0
3,360,266,64,47,0.62,clIscA1,36,198.5475364330326,193.0,200.0,201.0
3,491,267,68,51,3.14,clIscA1,36,200.23853211009174,194.0,200.0,205.0
3,631,263,68,51,2.68,clIscA1,36,200.05710814094775,195.0,200.0,203.0
3,774,261,69,52,0.2,clIscA1,36,194.93681792073522,189.0,194.0,200.0
3,901,257,71,52,0.71,clIscA1,36,195.66382252559728,187.0,195.0,201.0
3,1037,263,72,52,4.0,clIscA1,36,197.1430912069907,191.0,198.0,202.0
4,361,372,64,46,0.57,clIscA1,36,194.87641242937852,191.0,194.0,199.0
4,495,371,68,49,1.78,clIscA1,36,199.50099140779906,193.0,200.0,205.0
4,619,369,69,50,1.74,clIscA1,36,194.558024691358,189.0,194.0,199.0
4,771,372,72,51,4.46,clIscA1,36,205.08432371250709,198.0,205.0,211.0
4,904,366,72,52,0.66,clIscA1,36,201.09324399776662,194.0,201.0,206.0
4,1036,371,70,50,3.48,clIscA1,36,196.43337484433374,190.0,198.0,200.0
5,361,476,65,46,0.44,clIscA1,36,197.05241379310345,192.0,197.0,201.0
5,494,478,67,48,2.87,clIscA1,36,200.9495856353591,194.0,200.0,206.0
5,630,478,66,49,0.89,clIscA1,36,194.72329130723293,187.0,194.0,200.0
5,769,476,69,50,3.25,clIscA1,36,200.9214108910891,196.0,200.0,205.0
5,915,472,71,51,0.4,clIscA1,36,195.4484412470024,189.0,195.0,201.0
5,1036,477,70,51,2.0,clIscA1,36,192.0888758092996,185.0,192.0,198.0
6,361,583,65,47,0.33,clIscA1,36,191.53984753984753,185.0,192.0,196.0
6,487,579,66,48,1.62,clIscA1,36,203.22632944228275,197.0,202.0,208.0
6,634,577,66,48,7.18,clIscA1,36,216.59933333333333,209.0,216.0,222.0
6,767,580,65,48,5.43,clIscA1,36,213.22371967654988,208.0,214.0,218.0
6,904,582,70,50,0.2,clIscA1,36,195.38150965476888,190.0,195.0,200.0
6,1036,581,70,49,1.43,clIscA1,36,198.0084899939357,192.0,199.0,202.0
7,381,690,64,45,0.0001,clIscA1,36,190.86862334032145,186.0,192.0,193.0
7,508,687,62,45,3.55,clIscA1,36,205.85659213569775,200.0,206.0,210.0
7,632,684,59,45,8.27,clIscA1,36,216.53536184210526,210.0,216.0,222.0
7,764,681,60,45,4.46,clIscA1,36,212.46565495207668,208.0,213.0,217.0
7,905,682,65,47,0.26,clIscA1,36,202.55034013605442,196.0,201.0,208.0
7,1018,692,68,48,1.13,clIscA1,36,184.34165571616293,178.0,184.0,190.0
8,418,802,59,42,0.0002,clIscA1,36,190.9072340425532,183.0,192.0,197.0
8,533,787,52,38,1.92,clIscA1,36,202.91574279379157,195.0,203.0,209.0
8,652,778,48,37,1.12,clIscA1,36,207.6826137689615,199.0,208.0,214.0
8,764,782,47,38,3.19,clIscA1,36,205.1517747858017,198.0,206.0,211.0
8,880,784,54,39,1.74,clIscA1,36,208.90738916256157,199.0,209.0,216.0
8,989,802,63,43,0.9,clIscA1,36,190.10534591194968,181.0,191.0,196.0
1,369,46,67,49,1.74,clIscA1,45,178.5100942126514,176.0,179.0,181.0
1,504,48,66,50,0.53,clIscA1,45,184.6255591054313,182.0,184.0,187.0
1,636,56,64,50,1.24,clIscA1,45,184.4954248366013,182.0,184.0,187.0
1,762,57,66,51,3.48,clIscA1,45,188.92830423940148,184.0,189.0,192.0
1,895,52,70,54,0.75,clIscA1,45,180.28366445916114,173.0,180.0,186.0
1,1026,44,74,54,1.1,clIscA1,45,179.36637931034483,176.0,180.0,184.0
2,364,153,65,47,1.45,clIscA1,45,187.28335625859697,183.0,187.0,191.0
2,491,158,68,50,7.0,clIscA1,45,198.85132634176435,193.0,199.0,203.0
2,631,161,70,51,3.05,clIscA1,45,196.78545673076923,191.0,197.0,201.0
2,760,162,70,52,3.29,clIscA1,45,198.6769138034961,192.0,200.0,203.0
2,902,157,71,54,0.9,clIscA1,45,189.1412235563179,184.0,190.0,193.0
2,1032,155,73,53,2.1,clIscA1,45,195.49859154929578,190.0,195.0,200.0
3,360,266,64,47,0.62,clIscA1,45,191.6211901306241,186.0,192.0,195.0
3,491,267,68,51,3.14,clIscA1,45,194.75045648204505,189.0,194.0,200.0
3,631,263,68,51,2.68,clIscA1,45,195.47497020262216,192.0,195.0,200.0
3,773,261,71,52,0.2,clIscA1,45,192.8545994065282,186.0,192.0,197.0
3,901,257,71,52,0.71,clIscA1,45,189.9208309938237,183.0,191.0,196.0
3,1037,263,73,52,4.0,clIscA1,45,190.8218714768884,184.0,192.0,196.0
4,361,372,64,46,0.57,clIscA1,45,188.73226703755216,183.0,189.0,192.0
4,495,371,68,49,1.78,clIscA1,45,193.79262960649595,187.0,193.0,199.0
4,619,369,69,50,1.74,clIscA1,45,191.84857849196538,186.0,192.0,196.0
4,771,372,72,51,4.46,clIscA1,45,201.25437112239143,194.0,201.0,208.0
4,904,366,72,52,0.66,clIscA1,45,195.920814479638,190.0,196.0,200.0
4,1036,371,70,50,3.48,clIscA1,45,190.03963963963963,184.0,192.0,193.0
5,361,476,65,46,0.44,clIscA1,45,190.56666666666666,185.0,191.0,194.0
5,494,478,67,49,2.87,clIscA1,45,196.0976236351959,191.0,195.0,201.0
5,630,478,66,49,0.89,clIscA1,45,191.53485254691688,185.0,192.0,196.0
5,769,476,69,50,3.25,clIscA1,45,197.6579783852511,192.0,199.0,201.0
5,915,472,71,51,0.4,clIscA1,45,190.85525560022975,184.0,192.0,196.0
5,1036,477,70,51,2.0,clIscA1,45,185.61959654178673,179.0,184.0,191.0
6,361,583,65,47,0.33,clIscA1,45,184.62164073550213,179.0,184.0,190.0
6,487,579,66,48,1.62,clIscA1,45,198.77517241379311,193.0,199.0,205.0
6,634,577,66,48,7.18,clIscA1,45,213.28610354223434,208.0,213.0,218.0
6,767,580,65,48,5.43,clIscA1,45,209.2356948228883,203.0,208.0,214.0
6,904,582,70,50,0.2,clIscA1,45,190.3030303030303,184.0,190.0,195.0
6,1036,581,70,49,1.43,clIscA1,45,189.41383570105003,184.0,190.0,193.0
7,381,690,64,45,0.0001,clIscA1,45,183.4508547008547,179.0,184.0,186.0
7,508,687,62,45,3.55,clIscA1,45,201.65803921568627,194.0,200.0,208.0
7,632,684,59,45,8.27,clIscA1,45,213.27804487179486,206.0,213.0,218.0
7,764,681,60,45,4.46,clIscA1,45,205.24939271255062,200.0,205.0,210.0
7,905,682,65,47,0.26,clIscA1,45,196.58726899383984,191.0,196.0,202.0
7,1018,692,68,48,1.13,clIscA1,45,178.24074074074073,172.0,179.0,183.0
8,418,802,59,41,0.0002,clIscA1,45,183.85845588235293,177.0,184.0,191.0
8,533,787,52,38,1.92,clIscA1,45,196.6170921198668,189.0,197.0,202.0
8,652,778,48,37,1.12,clIscA1,45,199.65717674970344,191.0,200.0,206.0
8,764,782,47,38,3.19,clIscA1,45,195.46335697399527,189.0,195.0,200.0
8,880,784,54,39,1.74,clIscA1,45,199.3645598194131,192.0,200.0,207.0
8,989,802,63,43,0.9,clIscA1,45,183.03225806451613,175.0,184.0,190.0
1,369,46,67,49,1.74,clIscA1,54,182.85029546946816,179.0,182.0,186.0
1,504,48,66,50,0.53,clIscA1,54,190.37531172069825,187.0,190.0,193.0
1,636,56,64,50,1.24,clIscA1,54,191.76755282890252,187.0,191.0,197.0
1,763,57,65,51,3.48,clIscA1,54,192.11776447105788,187.0,192.0,196.0
1,896,52,69,54,0.75,clIscA1,54,184.96574957888828,178.0,183.0,191.0
1,1026,44,74,54,1.1,clIscA1,54,187.86111111111111,183.0,189.0,190.0
2,364,153,65,47,1.45,clIscA1,54,192.17403915881073,189.0,192.0,196.0
2,491,158,68,50,7.0,clIscA1,54,205.2488716956802,199.0,206.0,210.0
2,631,161,70,51,3.05,clIscA1,54,203.5635838150289,197.0,204.0,208.0
2,761,162,69,52,3.29,clIscA1,54,202.70340450086556,199.0,202.0,207.0
2,902,157,71,54,0.9,clIscA1,54,194.47652838427948,189.0,194.0,199.0
2,1032,155,73,52,2.1,clIscA1,54,203.8280664167113,197.0,204.0,208.0
3,360,266,64,47,0.62,clIscA1,54,198.35298245614035,192.0,199.0,201.0
3,491,267,68,51,3.14,clIscA1,54,200.94536525475752,195.0,200.0,206.0
3,631,263,68,51,2.68,clIscA1,54,200.66850490196077,198.0,200.0,205.0
3,773,261,71,52,0.2,clIscA1,54,197.3802570093458,190.0,198.0,202.0
3,901,257,71,52,0.71,clIscA1,54,196.58079096045196,189.0,197.0,204.0
3,1037,263,73,52,4.0,clIscA1,54,197.75897435897437,189.0,199.0,204.0
4,361,372,64,46,0.57,clIscA1,54,193.93042813455656,189.0,194.0,199.0
4,495,371,68,49,1.78,clIscA1,54,200.45137157107231,193.0,199.0,206.0
4,619,369,69,50,1.74,clIscA1,54,195.3730886850153,189.0,196.0,200.0
4,771,372,72,51,4.46,clIscA1,54,206.592394533571,200.0,207.0,213.0
4,904,366,72,52,0.66,clIscA1,54,202.4638720353006,196.0,202.0,207.0
4,1036,371,70,50,3.48,clIscA1,54,196.51021671826626,189.0,198.0,200.0
5,361,476,65,46,0.44,clIscA1,54,197.9831081081081,192.0,199.0,202.0
5,494,478,67,49,2.87,clIscA1,54,202.34923664122138,196.0,202.0,208.0
5,630,478,66,49,0.89,clIscA1,54,195.10098360655738,189.0,194.0,201.0
5,770,476,68,50,3.25,clIscA1,54,202.7245581962218,198.0,202.0,207.0
5,915,472,71,51,0.4,clIscA1,54,196.3356807511737,189.0,198.0,202.0
5,1036,477,70,51,2.0,clIscA1,54,190.91416813639034,184.0,190.0,197.0
6,361,583,65,47,0.33,clIscA1,54,193.26275862068965,187.0,192.0,199.0
6,487,579,66,48,1.62,clIscA1,54,204.47121820615797,198.0,205.0,210.0
6,634,577,66,48,7.18,clIscA1,54,216.8553076402975,211.0,216.0,222.0
6,767,580,65,48,5.43,clIscA1,54,215.2456258411844,209.0,215.0,220.0
6,904,582,70,50,0.2,clIscA1,54,196.36754587155963,190.0,196.0,202.0
6,1036,581,70,49,1.43,clIscA1,54,195.95977722772278,190.0,197.0,200.0
7,381,690,64,45,0.0001,clIscA1,54,190.81565836298932,187.0,190.0,194.0
7,508,687,62,45,3.55,clIscA1,54,206.65590551181103,201.0,207.0,213.0
7,632,684,58,45,8.27,clIscA1,54,216.06473029045642,210.0,216.0,221.0
7,764,681,60,45,4.46,clIscA1,54,212.88934764657307,208.0,213.0,217.0
7,905,682,65,47,0.26,clIscA1,54,202.95128740431454,197.0,202.0,209.0
7,1018,692,68,48,1.13,clIscA1,54,182.46128822381263,177.0,182.0,187.0
8,418,802,59,42,0.0002,clIscA1,54,190.29187071498532,183.0,190.0,198.0
8,533,787,52,38,1.92,clIscA1,54,201.08779443254818,192.0,201.0,207.0
8,652,778,48,37,1.12,clIscA1,54,204.57038834951456,196.0,205.0,212.0
8,764,782,47,38,3.19,clIscA1,54,204.00481347773766,196.0,205.0,210.0
8,880,784,54,39,1.74,clIscA1,54,210.19825072886297,201.0,210.0,217.0
8,989,802,63,43,0.9,clIscA1,54,188.8003108003108,180.0,189.0,195.0
1,369,46,67,49,1.74,clIscA1,63,178.08199121522694,175.0,179.0,182.0
1,504,48,66,50,0.53,clIscA1,63,185.46253602305475,182.0,186.0,190.0
1,636,56,63,50,1.24,clIscA1,63,185.3929515418502,182.0,187.0,190.0
1,762,57,66,51,3.48,clIscA1,63,188.91398514851485,184.0,190.0,191.0
1,895,52,70,54,0.75,clIscA1,63,180.27828054298644,174.0,180.0,187.0
1,1026,44,74,54,1.1,clIscA1,63,181.3132530120482,177.0,182.0,184.0
2,364,153,65,47,1.45,clIscA1,63,186.79763560500695,182.0,187.0,190.0
2,491,158,68,50,7.0,clIscA1,63,197.9412890874282,191.0,199.0,202.0
2,631,161,70,51,3.05,clIscA1,63,198.98158803222094,191.0,199.0,204.0
2,760,162,70,52,3.29,clIscA1,63,199.03488372093022,191.0,199.0,204.0
2,902,157,71,54,0.9,clIscA1,63,190.43490619670268,183.0,190.0,195.0
2,1032,155,73,53,2.1,clIscA1,63,197.06468716861082,190.0,198.0,202.0
3,360,266,64,47,0.62,clIscA1,63,191.31578947368422,188.0,191.0,195.0
3,491,267,68,51,3.14,clIscA1,63,194.43753771876885,189.0,193.0,199.0
3,631,263,68,51,2.68,clIscA1,63,196.80466288594832,190.0,198.0,200.0
3,773,261,71,52,0.2,clIscA1,63,193.4179366940211,188.0,193.0,199.0
3,901,257,71,52,0.71,clIscA1,63,191.2139303482587,184.0,190.0,197.0
3,1037,263,72,52,4.0,clIscA1,63,191.4898210980876,183.0,191.0,198.0
4,361,372,64,46,0.57,clIscA1,63,188.98009950248758,183.0,189.0,193.0
4,495,371,68,49,1.78,clIscA1,63,193.54732254047323,188.0,193.0,199.0
4,619,369,69,50,1.74,clIscA1,63,192.3062200956938,187.0,191.0,198.0
4,771,372,72,51,4.46,clIscA1,63,201.8829908675799,194.0,201.0,208.0
4,904,366,72,52,0.66,clIscA1,63,197.28271028037383,190.0,199.0,202.0
4,1036,371,70,50,3.48,clIscA1,63,190.12264150943398,185.0,190.0,193.0
5,361,476,65,46,0.44,clIscA1,63,191.58333333333334,186.0,191.0,196.0
5,494,478,67,48,2.87,clIscA1,63,196.60078791858174,190.0,197.0,202.0
5,630,478,66,49,0.89,clIscA1,63,192.1691129546905,186.0,192.0,198.0
5,770,476,68,50,3.25,clIscA1,63,198.1675062972292,191.0,199.0,202.0
5,915,472,71,51,0.4,clIscA1,63,191.60194174757282,184.0,191.0,198.0
5,1036,477,70,51,2.0,clIscA1,63,185.15656268393172,179.0,185.0,190.0
6,361,583,65,47,0.33,clIscA1,63,186.74597620713786,180.0,188.0,191.0
6,487,579,66,48,1.62,clIscA1,63,200.6518723994452,194.0,200.0,207.0
6,634,577,66,48,7.18,clIscA1,63,212.54183813443072,207.0,212.0,217.0
6,767,580,65,48,5.43,clIscA1,63,210.83445491251683,206.0,210.0,215.0
6,904,582,70,50,0.2,clIscA1,63,190.31891580161476,184.0,190.0,195.0
6,1036,581,70,49,1.43,clIscA1,63,189.06966707768188,184.0,189.0,193.0
7,381,690,64,45,0.0001,clIscA1,63,184.23186119873816,181.0,184.0,189.0
7,508,687,62,45,3.55,clIscA1,63,202.42868039664378,194.0,202.0,208.0
7,632,684,59,45,8.27,clIscA1,63,211.98940505297475,206.0,212.0,217.0
7,764,681,60,45,4.46,clIscA1,63,206.79547359597652,201.0,207.0,211.0
7,905,682,65,47,0.26,clIscA1,63,197.89099859353024,190.0,199.0,204.0
7,1019,692,67,48,1.13,clIscA1,63,177.800799467022,172.0,179.0,182.0
8,418,802,59,41,0.0002,clIscA1,63,185.24495412844036,177.0,187.0,190.0
8,533,787,52,38,1.92,clIscA1,63,196.99891891891892,189.0,198.0,203.0
8,652,778,48,37,1.12,clIscA1,63,201.7076923076923,194.0,202.0,207.0
8,764,782,47,38,3.19,clIscA1,63,201.4017094017094,196.0,201.0,206.0
8,880,784,54,39,1.74,clIscA1,63,206.081592039801,198.0,207.0,212.0
8,989,802,63,43,0.9,clIscA1,63,182.95535026943804,175.0,183.0,189.0
1,369,46,66,49,1.74,clIscA1,72,183.7641060503059,180.0,184.0,187.0
1,504,48,66,50,0.53,clIscA1,72,191.4391672088484,187.0,191.0,195.0
1,636,56,64,50,1.24,clIscA1,72,191.41985428051,188.0,193.0,197.0
1,762,57,66,51,3.48,clIscA1,72,191.8884924174844,188.0,194.0,197.0
1,896,52,69,54,0.75,clIscA1,72,184.53581500282007,177.0,184.0,191.0
1,1026,44,74,54,1.1,clIscA1,72,187.9973656480506,184.0,188.0,191.0
2,364,154,65,46,1.45,clIscA1,72,193.2538569424965,188.0,193.0,197.0
2,491,158,68,50,7.0,clIscA1,72,204.14930991217065,198.0,204.0,208.0
2,631,161,70,51,3.05,clIscA1,72,204.32597014925372,198.0,204.0,209.0
2,761,162,68,52,3.29,clIscA1,72,202.7884726224784,197.0,203.0,206.0
2,902,157,71,54,0.9,clIscA1,72,194.01733780760625,188.0,195.0,199.0
2,1032,155,73,53,2.1,clIscA1,72,203.19124797406806,196.0,204.0,207.0
3,360,266,64,47,0.62,clIscA1,72,198.16491963661775,193.0,197.0,202.0
3,491,267,68,51,3.14,clIscA1,72,200.46268656716418,196.0,199.0,205.0
3,631,263,68,51,2.68,clIscA1,72,201.16851168511684,197.0,201.0,205.0
3,774,261,70,52,0.2,clIscA1,72,197.15402298850574,190.0,197.0,202.0
3,901,257,71,52,0.71,clIscA1,72,195.95429208472686,187.0,197.0,202.0
3,1037,263,73,52,4.0,clIscA1,72,197.73473053892215,189.0,198.0,204.0
4,361,372,64,46,0.57,clIscA1,72,195.64956647398844,189.0,197.0,199.0
4,495,371,68,49,1.78,clIscA1,72,199.89027431421445,194.0,199.0,205.0
4,619,369,69,50,1.74,clIscA1,72,195.8575929426591,188.0,196.0,201.0
4,771,372,72,51,4.46,clIscA1,72,205.7079953650058,199.0,205.0,212.0
4,904,366,72,52,0.66,clIscA1,72,202.34883720930233,196.0,203.0,206.0
4,1036,371,70,50,3.48,clIscA1,72,195.83272727272728,189.0,197.0,200.0
5,361,476,65,46,0.44,clIscA1,72,198.32425068119892,193.0,198.0,203.0
5,495,478,66,48,2.87,clIscA1,72,201.90619017230375,197.0,202.0,206.0
5,630,478,66,49,0.89,clIscA1,72,195.60534898891063,189.0,196.0,200.0
5,770,476,68,50,3.25,clIscA1,72,202.45987654320987,197.0,203.0,205.0
5,915,472,71,51,0.4,clIscA1,72,196.7040143798682,189.0,197.0,203.0
5,1036,477,70,51,2.0,clIscA1,72,192.2149855907781,185.0,192.0,197.0
6,361,583,65,47,0.33,clIscA1,72,193.3347222222222,187.0,194.0,198.0
6,487,579,66,48,1.62,clIscA1,72,203.59084880636604,197.0,204.0,209.0
6,634,577,66,48,7.18,clIscA1,72,216.83760107816713,213.0,216.0,221.0
6,767,580,65,48,5.43,clIscA1,72,216.1871921182266,211.0,216.0,221.0
6,904,582,70,50,0.2,clIscA1,72,197.25091799265607,191.0,197.0,202.0
6,1036,581,70,49,1.43,clIscA1,72,196.66243961352657,190.0,197.0,200.0
7,381,690,64,45,0.0001,clIscA1,72,191.93894736842105,187.0,191.0,197.0
7,508,687,62,45,3.55,clIscA1,72,206.9648854961832,200.0,205.0,213.0
7,632,684,59,45,8.27,clIscA1,72,214.2464612822648,207.0,214.0,220.0
7,764,681,60,45,4.46,clIscA1,72,213.2462686567164,207.0,214.0,218.0
7,905,682,65,47,0.26,clIscA1,72,203.46051712089448,197.0,203.0,209.0
7,1019,692,67,48,1.13,clIscA1,72,182.8603896103896,176.0,182.0,188.0
8,418,802,59,42,0.0002,clIscA1,72,192.05762411347519,184.0,193.0,197.0
8,533,787,52,38,1.92,clIscA1,72,202.3495145631068,193.0,202.0,209.0
8,652,778,48,37,1.12,clIscA1,72,204.3056206088993,196.0,205.0,210.0
8,764,782,47,38,3.19,clIscA1,72,203.36974789915968,198.0,204.0,208.0
8,880,784,54,39,1.74,clIscA1,72,209.57961165048545,201.0,209.0,216.0
8,989,802,63,43,0.9,clIscA1,72,187.97337770382694,181.0,188.0,195.0
1,369,46,67,49,1.74,clIscA1,81,180.2555066079295,176.0,180.0,183.0
1,504,48,66,50,0.53,clIscA1,81,187.4841628959276,184.0,188.0,189.0
1,636,56,63,50,1.24,clIscA1,81,186.95090439276487,183.0,188.0,189.0
1,762,57,66,51,3.48,clIscA1,81,191.02864417568426,187.0,191.0,195.0
1,896,52,69,54,0.75,clIscA1,81,180.89048672566372,173.0,180.0,187.0
1,1026,44,74,54,1.1,clIscA1,81,183.26049300466354,179.0,185.0,188.0
2,364,153,65,47,1.45,clIscA1,81,187.92753623188406,184.0,188.0,192.0
2,491,158,68,50,7.0,clIscA1,81,197.7305053025577,191.0,197.0,203.0
2,631,161,70,51,3.05,clIscA1,81,198.73427471116815,192.0,199.0,204.0
2,761,162,68,52,3.29,clIscA1,81,200.41695702671313,194.0,200.0,205.0
2,902,157,71,54,0.9,clIscA1,81,191.02433747971875,186.0,190.0,196.0
2,1032,155,73,53,2.1,clIscA1,81,198.54730158730158,192.0,199.0,205.0
3,360,266,63,47,0.62,clIscA1,81,193.61586638830897,188.0,194.0,197.0
3,491,267,68,51,3.14,clIscA1,81,195.02680798004988,188.0,196.0,199.0
3,631,263,68,51,2.68,clIscA1,81,197.3545069570478,193.0,197.0,200.0
3,773,261,71,52,0.2,clIscA1,81,195.47505800464037,188.0,196.0,200.0
3,901,257,71,52,0.71,clIscA1,81,192.26402266288952,185.0,191.0,198.0
3,1037,263,72,52,4.0,clIscA1,81,193.23677032187672,187.0,194.0,198.0
4,361,372,64,46,0.57,clIscA1,81,189.53445747800586,185.0,189.0,194.0
4,495,371,68,49,1.78,clIscA1,81,195.13717085119413,188.0,196.0,200.0
4,619,369,69,50,1.74,clIscA1,81,193.2021595680864,187.0,193.0,198.0
4,771,372,72,51,4.46,clIscA1,81,202.47235023041475,195.0,202.0,209.0
4,904,366,72,52,0.66,clIscA1,81,198.16489063376332,191.0,198.0,203.0
4,1036,371,70,50,3.48,clIscA1,81,191.98231132075472,186.0,192.0,197.0
5,361,476,65,46,0.44,clIscA1,81,193.46662030598054,187.0,194.0,198.0
5,494,478,67,48,2.87,clIscA1,81,197.29059278350516,191.0,197.0,203.0
5,630,478,66,49,0.89,clIscA1,81,192.7658186562296,187.0,192.0,198.0
5,769,476,69,50,3.25,clIscA1,81,198.38456549935148,195.0,198.0,203.0
5,915,472,71,51,0.4,clIscA1,81,192.0529761904762,184.0,192.0,198.0
5,1036,477,70,51,2.0,clIscA1,81,186.5509592326139,180.0,188.0,191.0
6,361,583,65,47,0.33,clIscA1,81,186.78815331010452,180.0,188.0,191.0
6,487,579,66,48,1.62,clIscA1,81,201.43421052631578,197.0,200.0,206.0
6,634,577,66,48,7.18,clIscA1,81,214.02599179206567,206.0,214.0,219.0
6,767,580,65,48,5.43,clIscA1,81,212.40674466620786,205.0,213.0,217.0
6,904,582,70,50,0.2,clIscA1,81,191.68242074927954,186.0,191.0,197.0
6,1036,581,70,49,1.43,clIscA1,81,190.63791008505467,186.0,190.0,195.0
7,381,690,64,45,0.0001,clIscA1,81,184.942238267148,180.0,186.0,188.0
7,508,687,62,45,3.55,clIscA1,81,201.96870229007632,196.0,201.0,207.0
7,632,684,59,45,8.27,clIscA1,81,212.8647106764466,206.0,213.0,217.0
7,764,681,60,45,4.46,clIscA1,81,205.91714053614947,199.0,206.0,211.0
7,905,682,65,47,0.26,clIscA1,81,198.11974789915968,191.0,197.0,203.0
7,1018,692,68,48,1.13,clIscA1,81,178.8802729528536,171.0,180.0,183.0
8,418,802,59,42,0.0002,clIscA1,81,187.07849829351537,180.0,187.0,193.0
8,533,787,52,38,1.92,clIscA1,81,198.94011299435027,192.0,199.0,205.0
8,652,778,48,37,1.12,clIscA1,81,201.61158021712907,194.0,202.0,207.0
8,764,782,47,38,3.19,clIscA1,81,201.53729603729604,195.0,201.0,207.0
8,880,784,54,39,1.74,clIscA1,81,209.12007874015748,201.0,209.0,216.0
8,989,802,63,43,0.9,clIscA1,81,184.48560311284047,176.0,185.0,189.0
1,369,45,67,50,1.74,clIscA1,9,176.90299479166666,173.0,177.0,180.0
1,504,48,66,50,0.53,clIscA1,9,185.00829493087556,182.0,187.0,189.0
1,636,56,64,50,1.24,clIscA1,9,184.3528336380256,181.0,186.0,189.0
1,762,57,66,51,3.48,clIscA1,9,184.60714285714286,182.0,186.0,189.0
1,895,52,70,55,0.75,clIscA1,9,178.72798216276476,172.0,179.0,186.0
1,1026,44,74,54,1.1,clIscA1,9,176.61073825503357,173.0,177.0,181.0
2,364,153,65,47,1.45,clIscA1,9,188.11348005502063,183.0,189.0,191.0
2,491,158,68,50,7.0,clIscA1,9,201.01765447667086,195.0,202.0,206.0
2,631,161,70,51,3.05,clIscA1,9,196.4833729216152,190.0,196.0,202.0
2,760,162,70,52,3.29,clIscA1,9,197.10123602118892,191.0,196.0,202.0
2,902,157,71,54,0.9,clIscA1,9,188.63425175580767,181.0,189.0,193.0
2,1032,155,73,53,2.1,clIscA1,9,193.68199026500812,188.0,194.0,197.0
3,360,266,64,47,0.62,clIscA1,9,190.35891812865498,187.0,190.0,194.0
3,491,267,68,51,3.14,clIscA1,9,196.38437693738376,190.0,196.0,201.0
3,631,263,68,51,2.68,clIscA1,9,195.35541795665634,191.0,196.0,198.0
3,773,261,71,52,0.2,clIscA1,9,191.07122507122506,186.0,190.0,195.0
3,901,257,72,52,0.71,clIscA1,9,190.24475920679888,183.0,190.0,195.0
3,1037,263,72,52,4.0,clIscA1,9,190.5230352303523,182.0,190.0,195.0
4,361,372,64,46,0.57,clIscA1,9,189.0071479628306,183.0,189.0,193.0
4,495,371,68,49,1.78,clIscA1,9,195.13876789047916,189.0,195.0,201.0
4,619,369,69,50,1.74,clIscA1,9,190.8351920693928,186.0,190.0,195.0
4,771,372,72,51,4.46,clIscA1,9,201.26822323462414,194.0,201.0,207.0
4,904,366,72,52,0.66,clIscA1,9,195.26496223126088,190.0,196.0,199.0
4,1036,371,70,50,3.48,clIscA1,9,189.55575539568346,184.0,190.0,193.0
5,361,476,65,46,0.44,clIscA1,9,190.12767475035665,186.0,190.0,195.0
5,494,478,67,48,2.87,clIscA1,9,196.6646903820817,191.0,196.0,202.0
5,630,478,66,49,0.89,clIscA1,9,191.4644913627639,185.0,191.0,196.0
5,769,476,69,50,3.25,clIscA1,9,197.5980198019802,195.0,197.0,202.0
5,915,472,71,51,0.4,clIscA1,9,190.51083032490973,183.0,190.0,196.0
5,1036,477,70,51,2.0,clIscA1,9,185.0438648488441,178.0,186.0,189.0
6,361,583,65,47,0.33,clIscA1,9,185.98446995273463,180.0,186.0,191.0
6,487,579,66,48,1.62,clIscA1,9,199.2401055408971,194.0,198.0,204.0
6,634,577,66,48,7.18,clIscA1,9,213.73432231962238,208.0,213.0,219.0
6,767,580,65,48,5.43,clIscA1,9,207.4782025486251,202.0,208.0,211.0
6,904,582,70,50,0.2,clIscA1,9,190.0665529010239,185.0,190.0,194.0
6,1036,581,70,49,1.43,clIscA1,9,189.61181434599155,184.0,189.0,193.0
7,381,690,64,45,0.0001,clIscA1,9,184.05354558610708,180.0,183.0,189.0
7,508,687,62,45,3.55,clIscA1,9,201.81774580335733,196.0,203.0,208.0
7,632,684,59,45,8.27,clIscA1,9,212.61066878980893,205.0,212.0,218.0
7,764,681,60,45,4.46,clIscA1,9,205.79807692307693,199.0,206.0,210.0
7,905,682,65,47,0.26,clIscA1,9,196.75306859205776,190.0,196.0,202.0
7,1018,692,68,48,1.13,clIscA1,9,178.6331689272503,173.0,180.0,181.0
8,418,802,59,42,0.0002,clIscA1,9,184.23797250859107,176.0,185.0,189.0
8,533,787,52,38,1.92,clIscA1,9,192.33658008658008,184.0,192.0,198.0
8,652,778,48,37,1.12,clIscA1,9,192.8508353221957,185.0,193.0,199.0
8,764,782,47,38,3.19,clIscA1,9,188.49708963911525,182.0,189.0,193.0
8,880,784,54,39,1.74,clIscA1,9,196.4735294117647,189.0,196.0,204.0
8,989,802,63,43,0.9,clIscA1,9,185.68571428571428,177.0,186.0,190.0
1,369,46,67,49,1.74,clIscA1,90,183.33113890717578,178.0,184.0,186.0
1,504,48,66,50,0.53,clIscA1,90,192.83203125,188.0,194.0,195.0
1,636,56,63,50,1.24,clIscA1,90,190.5699888017917,187.0,193.0,195.0
1,762,57,65,51,3.48,clIscA1,90,193.50066137566137,188.0,195.0,196.0
1,896,52,69,54,0.75,clIscA1,90,184.20607122008172,176.0,185.0,193.0
1,1026,44,74,54,1.1,clIscA1,90,189.856,185.0,191.0,195.0
2,364,153,65,47,1.45,clIscA1,90,194.23492723492723,188.0,195.0,197.0
2,491,158,68,50,7.0,clIscA1,90,203.9920424403183,198.0,204.0,208.0
2,631,161,70,51,3.05,clIscA1,90,203.67737948084056,197.0,204.0,208.0
2,761,162,68,52,3.29,clIscA1,90,203.03429923122414,196.0,204.0,207.0
2,902,157,71,53,0.9,clIscA1,90,194.70780298837852,187.0,195.0,200.0
2,1032,155,73,52,2.1,clIscA1,90,204.55053042992742,197.0,204.0,210.0
3,360,266,64,47,0.62,clIscA1,90,199.62994960403168,195.0,200.0,204.0
3,491,267,67,51,3.14,clIscA1,90,200.42168674698794,194.0,200.0,205.0
3,631,263,68,51,2.68,clIscA1,90,200.15408038976858,195.0,200.0,204.0
3,774,261,70,52,0.2,clIscA1,90,197.30362277170786,192.0,196.0,202.0
3,901,257,71,52,0.71,clIscA1,90,196.36029001673174,188.0,195.0,203.0
3,1037,263,73,52,4.0,clIscA1,90,197.93468208092486,190.0,198.0,204.0
4,361,372,64,46,0.57,clIscA1,90,196.27100840336135,190.0,196.0,201.0
4,495,371,68,49,1.78,clIscA1,90,199.9658172778123,194.0,199.0,205.0
4,619,369,69,50,1.74,clIscA1,90,195.70733210104746,190.0,195.0,200.0
4,771,372,72,51,4.46,clIscA1,90,205.8297018348624,198.0,205.0,211.0
4,904,366,72,52,0.66,clIscA1,90,203.1948748510131,196.0,204.0,208.0
4,1036,371,70,50,3.48,clIscA1,90,197.2395896197948,191.0,197.0,202.0
5,361,476,65,46,0.44,clIscA1,90,199.07505070993915,194.0,198.0,204.0
5,495,478,66,49,2.87,clIscA1,90,201.61926605504587,195.0,203.0,207.0
5,630,478,65,49,0.89,clIscA1,90,194.8092485549133,188.0,195.0,200.0
5,770,476,68,50,3.25,clIscA1,90,202.01825047199497,196.0,203.0,205.0
5,915,472,71,51,0.4,clIscA1,90,198.0893371757925,189.0,197.0,204.0
5,1036,477,70,51,2.0,clIscA1,90,192.05871990604814,185.0,194.0,196.0
6,361,583,65,47,0.33,clIscA1,90,193.52406779661018,186.0,195.0,197.0
6,487,579,66,48,1.62,clIscA1,90,203.8587311968607,196.0,204.0,210.0
6,634,577,66,48,7.18,clIscA1,90,215.24161073825502,211.0,214.0,220.0
6,767,580,65,48,5.43,clIscA1,90,216.21191604603928,211.0,216.0,221.0
6,904,582,70,50,0.2,clIscA1,90,198.52927261975162,192.0,198.0,203.0
6,1036,581,70,49,1.43,clIscA1,90,196.2046568627451,191.0,196.0,200.0
7,381,690,64,45,0.0001,clIscA1,90,193.68201133144476,188.0,194.0,197.0
7,508,687,62,45,3.55,clIscA1,90,207.5007610350076,202.0,207.0,212.0
7,632,684,59,45,8.27,clIscA1,90,212.7588424437299,206.0,212.0,218.0
7,764,681,60,45,4.46,clIscA1,90,211.39020408163265,206.0,212.0,216.0
7,905,682,65,47,0.26,clIscA1,90,204.29103448275862,197.0,204.0,210.0
7,1018,692,68,48,1.13,clIscA1,90,181.59871382636655,176.0,182.0,186.0
8,418,802,59,42,0.0002,clIscA1,90,192.16798592788038,185.0,193.0,198.0
8,533,787,52,38,1.92,clIscA1,90,202.39455782312925,193.0,204.0,210.0
8,652,778,48,37,1.12,clIscA1,90,205.9028901734104,198.0,205.0,211.0
8,764,782,47,38,3.19,clIscA1,90,204.9845238095238,197.0,205.0,210.0
8,880,784,54,39,1.74,clIscA1,90,210.71513944223108,203.0,211.0,218.0
8,989,802,63,43,0.9,clIscA1,90,189.56440281030444,181.0,190.0,195.0
1,369,46,67,49,1.74,clIscA1,99,178.58762886597938,175.0,178.0,183.0
1,504,48,66,50,0.53,clIscA1,99,187.93398058252427,184.0,188.0,192.0
1,636,56,63,50,1.24,clIscA1,99,187.8754277891855,185.0,187.0,192.0
1,763,57,65,51,3.48,clIscA1,99,193.18965517241378,188.0,194.0,196.0
1,896,52,69,54,0.75,clIscA1,99,181.49213239283776,174.0,180.0,188.0
1,1026,44,74,54,1.1,clIscA1,99,186.15343347639484,182.0,186.0,190.0
2,364,154,65,46,1.45,clIscA1,99,187.7941176470588,184.0,187.0,192.0
2,492,158,67,50,7.0,clIscA1,99,196.28693368351938,190.0,196.0,202.0
2,631,161,70,51,3.05,clIscA1,99,200.81883623275345,194.0,201.0,206.0
2,761,162,68,52,3.29,clIscA1,99,202.80117302052787,195.0,204.0,207.0
2,902,157,71,54,0.9,clIscA1,99,193.27226606538895,186.0,194.0,197.0
2,1032,155,73,52,2.1,clIscA1,99,201.6648381788261,195.0,203.0,206.0
3,360,266,64,46,0.62,clIscA1,99,193.75819373634377,187.0,195.0,197.0
3,491,267,67,51,3.14,clIscA1,99,195.08891595615103,188.0,195.0,200.0
3,631,263,68,51,2.68,clIscA1,99,197.9242636746143,194.0,198.0,204.0
3,774,261,70,52,0.2,clIscA1,99,196.45280764635604,190.0,196.0,202.0
3,901,257,71,52,0.71,clIscA1,99,193.8876212207644,186.0,194.0,200.0
3,1037,263,72,52,4.0,clIscA1,99,193.74380165289256,186.0,195.0,200.0
4,361,372,64,46,0.57,clIscA1,99,190.71942446043167,185.0,191.0,195.0
4,495,371,68,49,1.78,clIscA1,99,194.95244134432465,188.0,195.0,200.0
4,619,369,69,50,1.74,clIscA1,99,194.37758830694276,188.0,194.0,199.0
4,771,372,72,51,4.46,clIscA1,99,203.65857787810384,196.0,204.0,210.0
4,904,366,72,52,0.66,clIscA1,99,199.31680280046675,194.0,199.0,204.0
4,1036,371,70,50,3.48,clIscA1,99,192.16676923076923,185.0,194.0,195.0
5,361,476,65,46,0.44,clIscA1,99,194.19815994338288,188.0,195.0,198.0
5,495,478,66,48,2.87,clIscA1,99,198.68,193.0,198.0,204.0
5,630,478,66,49,0.89,clIscA1,99,194.15669700910274,187.0,195.0,199.0
5,770,476,68,50,3.25,clIscA1,99,200.05132850241546,194.0,200.0,204.0
5,915,472,71,51,0.4,clIscA1,99,193.27083333333334,185.0,194.0,198.0
5,1036,477,70,51,2.0,clIscA1,99,185.9658273381295,178.0,186.0,192.0
6,361,583,65,47,0.33,clIscA1,99,189.9978813559322,182.0,190.0,195.0
6,487,579,66,48,1.62,clIscA1,99,202.72065888812628,197.0,203.0,209.0
6,634,577,66,48,7.18,clIscA1,99,214.31258644536652,210.0,214.0,220.0
6,767,580,65,48,5.43,clIscA1,99,213.08813559322033,208.0,212.0,218.0
6,904,582,70,50,0.2,clIscA1,99,192.92544378698224,186.0,193.0,197.0
6,1036,581,70,49,1.43,clIscA1,99,190.25,185.0,190.0,195.0
7,381,690,64,45,0.0001,clIscA1,99,185.8150036416606,179.0,186.0,190.0
7,508,687,62,45,3.55,clIscA1,99,202.58026755852842,195.0,203.0,209.0
7,632,684,59,45,8.27,clIscA1,99,212.83774551665243,207.0,213.0,218.0
7,764,681,60,45,4.46,clIscA1,99,208.15396952686447,203.0,208.0,212.0
7,905,682,65,47,0.26,clIscA1,99,199.12731006160163,194.0,198.0,205.0
7,1018,692,68,48,1.13,clIscA1,99,177.78055022392834,172.0,177.0,182.0
8,418,802,59,41,0.0002,clIscA1,99,188.5151515151515,180.0,188.0,195.0
8,533,787,52,38,1.92,clIscA1,99,198.5693832599119,191.0,198.0,204.0
8,652,778,48,37,1.12,clIscA1,99,202.53908984830804,194.0,203.0,209.0
8,764,782,47,38,3.19,clIscA1,99,204.42374854481955,197.0,205.0,209.0
8,880,784,54,39,1.74,clIscA1,99,212.3003913894325,203.0,212.0,220.0
8,989,802,63,43,0.9,clIscA1,99,184.9906976744186,177.0,185.0,191.0
