,Unnamed: 0,x,y,w,h,protein,protein_type,TE,avg_gray,25_gray,50_gray,75_gray
867,6,381,575,69,44,0.0601,clIscA1/clCry4(LB +FAC),72,198.9634734665748,191.0,199.0,205.0
489,6,381,575,69,44,0.0601,clIscA1/clCry4(LB +FAC),198,192.75774647887323,186.0,191.0,200.0
69,6,381,575,69,44,0.0601,clIscA1/clCry4(LB +FAC),117,200.4065708418891,194.0,200.0,206.0
657,6,381,575,69,44,0.0601,clIscA1/clCry4(LB +FAC),27,202.1311141304348,194.0,201.0,208.0
993,6,381,575,69,44,0.0601,clIscA1/clCry4(LB +FAC),90,201.21793103448277,195.0,200.0,207.0
363,6,381,575,69,44,0.0601,clIscA1/clCry4(LB +FAC),18,201.9837508463101,194.0,202.0,208.0
195,6,381,575,69,44,0.0601,clIscA1/clCry4(LB +FAC),144,202.2498265093685,193.0,203.0,208.0
741,6,381,575,69,44,0.0601,clIscA1/clCry4(LB +FAC),45,204.99182561307904,197.0,205.0,211.0
237,6,381,575,69,44,0.0601,clIscA1/clCry4(LB +FAC),153,199.15997229916897,191.0,200.0,205.0
699,6,381,575,69,44,0.0601,clIscA1/clCry4(LB +FAC),36,202.9051300070274,195.0,202.0,209.0
909,6,381,575,69,44,0.0601,clIscA1/clCry4(LB +FAC),81,202.5237449118046,195.0,203.0,208.0
321,6,381,575,69,44,0.0601,clIscA1/clCry4(LB +FAC),171,193.22480058013053,186.0,192.0,201.0
111,6,381,575,69,44,0.0601,clIscA1/clCry4(LB +FAC),126,199.10413793103447,192.0,198.0,205.0
447,6,381,575,69,44,0.0601,clIscA1/clCry4(LB +FAC),189,198.87110187110187,190.0,200.0,204.0
951,6,381,575,69,44,0.0601,clIscA1/clCry4(LB +FAC),9,207.20068728522335,200.0,207.0,212.0
573,6,381,575,69,44,0.0601,clIscA1/clCry4(LB +FAC),216,188.0898491083676,180.0,189.0,194.0
279,6,381,575,69,44,0.0601,clIscA1/clCry4(LB +FAC),162,195.4145480225989,189.0,194.0,202.0
783,6,381,575,69,44,0.0601,clIscA1/clCry4(LB +FAC),54,205.41598360655735,197.0,206.0,211.0
153,6,381,575,69,44,0.0601,clIscA1/clCry4(LB +FAC),135,194.87938288920057,187.0,195.0,201.0
825,6,381,575,69,44,0.0601,clIscA1/clCry4(LB +FAC),63,199.8877118644068,193.0,199.0,206.0
405,6,381,575,69,44,0.0601,clIscA1/clCry4(LB +FAC),180,198.4144827586207,190.0,200.0,203.0
1035,6,381,575,69,44,0.0601,clIscA1/clCry4(LB +FAC),99,197.27709190672152,188.0,197.0,204.0
27,6,381,575,69,44,0.0601,clIscA1/clCry4(LB +FAC),108,195.9107629427793,188.0,197.0,202.0
531,6,381,575,69,44,0.0601,clIscA1/clCry4(LB +FAC),207,192.8942372881356,186.0,191.0,199.0
615,6,381,575,69,44,0.0601,clIscA1/clCry4(LB +FAC),225,196.4910778015703,188.0,197.0,201.0
877,8,418,767,67,42,0.0602,clIscA1/clCry4(LB +FAC),72,194.80103168754607,184.0,194.0,202.0
961,8,418,767,67,42,0.0602,clIscA1/clCry4(LB +FAC),9,202.11615785554727,191.0,202.0,210.0
163,8,418,767,67,42,0.0602,clIscA1/clCry4(LB +FAC),135,190.87121212121207,181.0,192.0,198.0
625,8,418,767,67,42,0.0602,clIscA1/clCry4(LB +FAC),225,191.20777279521675,182.0,190.0,198.0
457,8,418,767,67,42,0.0602,clIscA1/clCry4(LB +FAC),189,193.2429296591733,183.0,192.0,201.0
373,8,418,767,67,42,0.0602,clIscA1/clCry4(LB +FAC),18,196.54492753623188,186.0,196.0,203.0
121,8,418,767,67,42,0.0602,clIscA1/clCry4(LB +FAC),126,193.7432835820896,184.0,194.0,201.0
415,8,418,767,67,42,0.0602,clIscA1/clCry4(LB +FAC),180,194.7441002949853,185.0,194.0,202.0
79,8,418,767,67,42,0.0602,clIscA1/clCry4(LB +FAC),117,195.0603096984515,185.0,196.0,204.0
667,8,418,767,67,42,0.0602,clIscA1/clCry4(LB +FAC),27,197.587842846553,188.0,198.0,204.0
289,8,418,767,67,42,0.0602,clIscA1/clCry4(LB +FAC),162,190.67088607594937,182.0,192.0,198.0
205,8,418,767,67,42,0.0602,clIscA1/clCry4(LB +FAC),144,195.52849740932643,186.0,194.0,203.0
1045,8,418,767,67,42,0.0602,clIscA1/clCry4(LB +FAC),99,191.95007342143907,183.0,192.0,198.0
541,8,418,767,67,42,0.0602,clIscA1/clCry4(LB +FAC),207,187.6573734409391,178.0,189.0,195.0
793,8,418,767,67,42,0.0602,clIscA1/clCry4(LB +FAC),54,198.5929535232384,189.0,199.0,207.0
751,8,418,767,67,42,0.0602,clIscA1/clCry4(LB +FAC),45,200.32674772036475,190.0,200.0,209.0
37,8,418,767,67,42,0.0602,clIscA1/clCry4(LB +FAC),108,191.11458333333331,181.0,191.0,198.0
247,8,418,767,67,42,0.0602,clIscA1/clCry4(LB +FAC),153,194.01934523809524,183.0,193.0,203.0
709,8,418,767,67,42,0.0602,clIscA1/clCry4(LB +FAC),36,197.70731707317077,188.0,198.0,204.0
331,8,418,767,67,42,0.0602,clIscA1/clCry4(LB +FAC),171,188.4210909090909,180.0,188.0,196.0
583,8,418,767,67,42,0.0602,clIscA1/clCry4(LB +FAC),216,184.1071692535107,176.0,183.0,191.0
835,8,418,767,67,42,0.0602,clIscA1/clCry4(LB +FAC),63,195.14180206794683,187.0,195.0,202.0
499,8,418,767,67,42,0.0602,clIscA1/clCry4(LB +FAC),198,188.7572078907436,179.0,190.0,198.0
1003,8,418,767,67,42,0.0602,clIscA1/clCry4(LB +FAC),90,196.51049963794352,186.0,197.0,205.0
919,8,418,767,67,42,0.0602,clIscA1/clCry4(LB +FAC),81,197.54231052244296,187.0,197.0,205.0
904,5,386,487,67,44,0.0701,clIscA1/clCry4(LB +FAC),81,198.2905604719764,189.0,198.0,205.0
694,5,385,487,68,44,0.0701,clIscA1/clCry4(LB +FAC),36,198.3049747656813,189.0,199.0,205.0
232,5,386,487,67,44,0.0701,clIscA1/clCry4(LB +FAC),153,194.0748546511628,184.0,194.0,201.0
190,5,386,487,67,44,0.0701,clIscA1/clCry4(LB +FAC),144,196.3740849194729,186.0,196.0,204.0
736,5,385,487,68,44,0.0701,clIscA1/clCry4(LB +FAC),45,199.81227173119063,190.0,200.0,207.0
400,5,386,487,67,44,0.0701,clIscA1/clCry4(LB +FAC),180,194.22601279317695,185.0,194.0,201.0
316,5,386,487,67,44,0.0701,clIscA1/clCry4(LB +FAC),171,189.8640915593705,181.0,190.0,196.0
820,5,385,487,68,44,0.0701,clIscA1/clCry4(LB +FAC),63,195.06451612903223,186.0,196.0,202.0
274,5,385,487,68,44,0.0701,clIscA1/clCry4(LB +FAC),162,191.5172910662824,182.0,191.0,199.0
862,5,386,487,67,44,0.0701,clIscA1/clCry4(LB +FAC),72,194.1294545454545,184.0,194.0,201.0
778,5,385,487,68,44,0.0701,clIscA1/clCry4(LB +FAC),54,199.90784737221023,190.0,199.0,207.0
358,5,385,487,68,44,0.0701,clIscA1/clCry4(LB +FAC),18,196.2899408284024,187.0,196.0,203.0
568,5,385,487,68,44,0.0701,clIscA1/clCry4(LB +FAC),216,184.75737940964723,174.0,185.0,192.0
148,5,385,487,68,44,0.0701,clIscA1/clCry4(LB +FAC),135,190.54754829123328,181.0,191.0,198.0
64,5,385,487,68,44,0.0701,clIscA1/clCry4(LB +FAC),117,196.11135857461025,187.0,195.0,203.0
610,5,386,487,67,44,0.0701,clIscA1/clCry4(LB +FAC),225,191.96832253419728,181.0,192.0,199.0
484,5,386,487,67,44,0.0701,clIscA1/clCry4(LB +FAC),198,189.509977827051,180.0,190.0,197.0
988,5,386,487,67,44,0.0701,clIscA1/clCry4(LB +FAC),90,196.269654665687,187.0,197.0,203.0
106,5,385,487,68,44,0.0701,clIscA1/clCry4(LB +FAC),126,193.81683899556867,184.0,194.0,201.0
1030,5,386,487,67,44,0.0701,clIscA1/clCry4(LB +FAC),99,192.8579710144928,184.0,193.0,199.0
22,5,386,487,67,44,0.0701,clIscA1/clCry4(LB +FAC),108,191.26186943620175,182.0,191.0,198.0
526,5,385,487,68,44,0.0701,clIscA1/clCry4(LB +FAC),207,189.35453895639745,180.0,190.0,196.0
946,5,385,487,68,44,0.0701,clIscA1/clCry4(LB +FAC),9,202.3648068669528,193.0,202.0,209.0
442,5,386,487,67,44,0.0701,clIscA1/clCry4(LB +FAC),189,193.06715328467152,183.0,192.0,201.0
652,5,385,487,68,44,0.0701,clIscA1/clCry4(LB +FAC),27,197.2414814814815,188.0,198.0,204.0
410,7,394,675,67,44,0.0702,clIscA1/clCry4(LB +FAC),180,198.54301833568405,191.0,199.0,204.0
998,7,394,675,68,44,0.0702,clIscA1/clCry4(LB +FAC),90,199.06997084548104,192.0,199.0,206.0
242,7,394,675,67,44,0.0702,clIscA1/clCry4(LB +FAC),153,198.47727272727272,191.0,198.0,204.0
494,7,394,675,67,43,0.0702,clIscA1/clCry4(LB +FAC),198,192.37714712471995,185.0,192.0,198.0
662,7,394,675,68,44,0.0702,clIscA1/clCry4(LB +FAC),27,200.904593639576,193.0,201.0,207.0
74,7,394,675,68,44,0.0702,clIscA1/clCry4(LB +FAC),117,199.90148830616585,192.0,199.0,205.0
284,7,394,675,67,44,0.0702,clIscA1/clCry4(LB +FAC),162,193.25474452554744,185.0,193.0,199.0
326,7,394,675,67,44,0.0702,clIscA1/clCry4(LB +FAC),171,192.84444444444443,184.0,192.0,200.0
200,7,394,675,67,44,0.0702,clIscA1/clCry4(LB +FAC),144,200.8945117605132,193.0,202.0,207.0
368,7,394,675,68,44,0.0702,clIscA1/clCry4(LB +FAC),18,200.4525650035137,193.0,201.0,206.0
620,7,394,675,67,44,0.0702,clIscA1/clCry4(LB +FAC),225,196.2941176470588,188.0,197.0,202.0
914,7,394,674,67,45,0.0702,clIscA1/clCry4(LB +FAC),81,201.81380753138075,194.0,201.0,208.0
872,7,394,675,68,44,0.0702,clIscA1/clCry4(LB +FAC),72,197.7640369580668,191.0,198.0,203.0
746,7,394,675,67,44,0.0702,clIscA1/clCry4(LB +FAC),45,204.0916905444126,197.0,204.0,210.0
578,7,394,675,67,44,0.0702,clIscA1/clCry4(LB +FAC),216,188.28871201157745,180.0,189.0,193.0
704,7,394,675,68,44,0.0702,clIscA1/clCry4(LB +FAC),36,201.168,193.0,201.0,207.0
830,7,394,675,67,44,0.0702,clIscA1/clCry4(LB +FAC),63,198.76437189496096,191.0,198.0,205.0
32,7,394,675,68,44,0.0702,clIscA1/clCry4(LB +FAC),108,194.83357771261,188.0,195.0,200.0
536,7,394,675,68,43,0.0702,clIscA1/clCry4(LB +FAC),207,191.8138030194105,183.0,191.0,199.0
956,7,394,675,68,44,0.0702,clIscA1/clCry4(LB +FAC),9,205.5912256267409,198.0,206.0,211.0
788,7,394,675,68,44,0.0702,clIscA1/clCry4(LB +FAC),54,202.78453829634933,195.0,202.0,209.0
452,7,394,675,68,44,0.0702,clIscA1/clCry4(LB +FAC),189,197.70672389127324,190.0,198.0,204.0
158,7,394,675,67,44,0.0702,clIscA1/clCry4(LB +FAC),135,194.48041389504803,187.0,195.0,200.0
116,7,394,675,67,44,0.0702,clIscA1/clCry4(LB +FAC),126,197.5728429985856,189.0,197.0,204.0
1040,7,394,675,68,44,0.0702,clIscA1/clCry4(LB +FAC),99,197.01150251617543,189.0,197.0,203.0
1004,8,552,760,54,35,0.0901,clIscA1/clCry4(LB +FAC),90,192.4476495726496,185.0,191.0,200.0
332,8,552,760,54,35,0.0901,clIscA1/clCry4(LB +FAC),171,187.06427015250543,179.0,186.0,194.0
584,8,552,760,54,35,0.0901,clIscA1/clCry4(LB +FAC),216,185.92008639308852,178.0,185.0,193.0
542,8,552,760,54,35,0.0901,clIscA1/clCry4(LB +FAC),207,190.37825594563984,180.0,190.0,199.0
248,8,552,760,54,35,0.0901,clIscA1/clCry4(LB +FAC),153,193.05245901639344,183.0,192.0,202.0
752,8,552,761,54,34,0.0901,clIscA1/clCry4(LB +FAC),45,192.74837310195227,183.0,192.0,200.0
1046,8,552,761,54,34,0.0901,clIscA1/clCry4(LB +FAC),99,187.74835164835164,179.0,187.0,196.0
794,8,552,760,54,35,0.0901,clIscA1/clCry4(LB +FAC),54,193.472807991121,185.0,193.0,201.0
38,8,552,761,54,35,0.0901,clIscA1/clCry4(LB +FAC),108,188.8312985571587,179.0,188.0,197.0
920,8,552,761,54,35,0.0901,clIscA1/clCry4(LB +FAC),81,192.7846836847947,185.0,192.0,200.0
458,8,552,760,54,35,0.0901,clIscA1/clCry4(LB +FAC),189,193.41450216450212,184.0,192.0,202.0
290,8,552,760,54,36,0.0901,clIscA1/clCry4(LB +FAC),162,190.1921787709497,182.0,190.0,199.0
416,8,552,760,54,35,0.0901,clIscA1/clCry4(LB +FAC),180,194.93605292171995,188.0,193.0,202.0
122,8,552,760,54,36,0.0901,clIscA1/clCry4(LB +FAC),126,192.5509977827051,184.0,192.0,201.0
668,8,552,761,53,34,0.0901,clIscA1/clCry4(LB +FAC),27,188.6942889137738,181.0,188.0,198.0
164,8,552,760,54,35,0.0901,clIscA1/clCry4(LB +FAC),135,186.5071350164654,177.0,185.0,194.0
878,8,552,761,54,35,0.0901,clIscA1/clCry4(LB +FAC),72,190.96119733924613,181.0,190.0,198.0
626,8,552,760,54,35,0.0901,clIscA1/clCry4(LB +FAC),225,194.0483351235231,186.0,194.0,200.0
710,8,552,761,54,34,0.0901,clIscA1/clCry4(LB +FAC),36,192.3245614035088,185.0,192.0,199.0
374,8,552,761,54,34,0.0901,clIscA1/clCry4(LB +FAC),18,189.0491620111732,182.0,188.0,196.0
80,8,552,760,54,36,0.0901,clIscA1/clCry4(LB +FAC),117,192.8649835345774,184.0,193.0,201.0
206,8,552,760,54,35,0.0901,clIscA1/clCry4(LB +FAC),144,196.56236559139785,187.0,195.0,204.0
836,8,552,761,54,34,0.0901,clIscA1/clCry4(LB +FAC),63,187.54493742889647,180.0,187.0,196.0
962,8,552,760,54,35,0.0901,clIscA1/clCry4(LB +FAC),9,191.88542825361512,182.0,191.0,200.0
500,8,552,760,54,36,0.0901,clIscA1/clCry4(LB +FAC),198,192.05901639344265,184.0,191.0,200.0
376,8,793,757,47,32,0.0902,clIscA1/clCry4(LB +FAC),18,184.5298913043478,177.0,185.0,190.0
418,8,793,757,47,32,0.0902,clIscA1/clCry4(LB +FAC),180,189.80806675938803,181.0,190.0,197.0
292,8,793,757,47,32,0.0902,clIscA1/clCry4(LB +FAC),162,183.9851551956815,174.0,183.0,192.0
544,8,793,757,47,32,0.0902,clIscA1/clCry4(LB +FAC),207,180.61095505617976,171.0,179.0,189.0
334,8,793,757,47,32,0.0902,clIscA1/clCry4(LB +FAC),171,180.6878453038674,172.0,181.0,188.0
712,8,793,757,47,32,0.0902,clIscA1/clCry4(LB +FAC),36,183.59533607681757,175.0,183.0,190.0
670,8,793,757,47,32,0.0902,clIscA1/clCry4(LB +FAC),27,183.18776077885957,175.0,183.0,190.0
754,8,793,757,47,32,0.0902,clIscA1/clCry4(LB +FAC),45,186.03734439834025,177.0,187.0,192.0
586,8,793,757,48,32,0.0902,clIscA1/clCry4(LB +FAC),216,182.13736263736263,172.0,182.0,189.0
460,8,793,757,47,32,0.0902,clIscA1/clCry4(LB +FAC),189,185.2306648575305,176.0,185.0,192.0
628,8,793,757,47,32,0.0902,clIscA1/clCry4(LB +FAC),225,183.9208333333333,175.0,185.0,191.0
502,8,793,757,47,32,0.0902,clIscA1/clCry4(LB +FAC),198,185.1267029972752,177.0,185.0,191.0
1048,8,793,757,47,32,0.0902,clIscA1/clCry4(LB +FAC),99,185.11246612466124,179.0,186.0,190.0
208,8,793,757,47,32,0.0902,clIscA1/clCry4(LB +FAC),144,186.8180574555404,177.0,187.0,193.0
964,8,793,757,47,32,0.0902,clIscA1/clCry4(LB +FAC),9,185.15961800818556,176.0,184.0,192.0
250,8,793,757,47,32,0.0902,clIscA1/clCry4(LB +FAC),153,185.72465753424655,176.0,186.0,192.0
82,8,793,757,47,32,0.0902,clIscA1/clCry4(LB +FAC),117,186.11409395973155,176.0,186.0,194.0
166,8,793,757,47,32,0.0902,clIscA1/clCry4(LB +FAC),135,182.986013986014,175.0,184.0,190.0
922,8,793,757,47,32,0.0902,clIscA1/clCry4(LB +FAC),81,186.6997282608696,179.0,186.0,193.0
880,8,793,757,47,32,0.0902,clIscA1/clCry4(LB +FAC),72,181.9496598639456,172.0,181.0,190.0
796,8,793,757,47,32,0.0902,clIscA1/clCry4(LB +FAC),54,185.6530612244898,176.0,186.0,193.0
40,8,793,757,47,32,0.0902,clIscA1/clCry4(LB +FAC),108,179.6,171.0,179.0,187.0
838,8,793,757,47,32,0.0902,clIscA1/clCry4(LB +FAC),63,183.26639344262296,176.0,183.0,189.0
1006,8,793,757,47,32,0.0902,clIscA1/clCry4(LB +FAC),90,182.77838577291385,173.0,183.0,190.0
124,8,793,757,47,32,0.0902,clIscA1/clCry4(LB +FAC),126,182.7724795640327,173.0,183.0,190.0
705,7,538,669,62,40,0.1001,clIscA1/clCry4(LB +FAC),36,204.14518900343643,194.0,203.0,212.0
159,7,538,669,62,40,0.1001,clIscA1/clCry4(LB +FAC),135,197.62792642140468,186.0,196.0,206.0
873,7,538,669,62,40,0.1001,clIscA1/clCry4(LB +FAC),72,201.29286926994908,191.0,200.0,210.0
411,7,538,669,62,40,0.1001,clIscA1/clCry4(LB +FAC),180,205.52609427609428,196.0,204.0,213.0
369,7,538,669,62,40,0.1001,clIscA1/clCry4(LB +FAC),18,202.61480865224627,193.0,202.0,211.0
663,7,538,669,62,40,0.1001,clIscA1/clCry4(LB +FAC),27,201.3165407220823,191.0,201.0,210.0
285,7,538,669,62,40,0.1001,clIscA1/clCry4(LB +FAC),162,202.48685326547923,192.0,202.0,211.0
453,7,538,669,62,40,0.1001,clIscA1/clCry4(LB +FAC),189,204.9403862300588,193.0,204.0,213.0
201,7,538,669,62,41,0.1001,clIscA1/clCry4(LB +FAC),144,208.0371650821089,197.0,207.0,217.0
621,7,538,669,62,40,0.1001,clIscA1/clCry4(LB +FAC),225,204.30795847750863,193.0,205.0,213.0
75,7,538,669,61,40,0.1001,clIscA1/clCry4(LB +FAC),117,203.7576530612245,193.0,203.0,213.0
495,7,538,669,62,40,0.1001,clIscA1/clCry4(LB +FAC),198,201.45622895622893,191.0,201.0,210.0
999,7,538,669,62,40,0.1001,clIscA1/clCry4(LB +FAC),90,205.05145228215767,196.0,205.0,213.0
579,7,538,669,62,40,0.1001,clIscA1/clCry4(LB +FAC),216,196.33530906011853,186.0,196.0,205.0
33,7,538,669,62,40,0.1001,clIscA1/clCry4(LB +FAC),108,200.40271877655056,190.0,199.0,208.0
537,7,538,669,62,40,0.1001,clIscA1/clCry4(LB +FAC),207,200.0807136788445,190.0,200.0,211.0
1041,7,538,669,62,40,0.1001,clIscA1/clCry4(LB +FAC),99,200.02677824267784,189.0,198.0,210.0
117,7,538,669,62,40,0.1001,clIscA1/clCry4(LB +FAC),126,204.50169491525423,195.0,204.0,213.0
957,7,538,669,62,40,0.1001,clIscA1/clCry4(LB +FAC),9,205.95017182130584,197.0,206.0,215.0
915,7,538,669,62,40,0.1001,clIscA1/clCry4(LB +FAC),81,205.17880794701983,194.0,205.0,215.0
789,7,538,669,61,40,0.1001,clIscA1/clCry4(LB +FAC),54,206.82110469909315,197.0,207.0,215.0
747,7,538,669,62,40,0.1001,clIscA1/clCry4(LB +FAC),45,204.4269366197183,194.0,205.0,214.0
831,7,538,669,62,40,0.1001,clIscA1/clCry4(LB +FAC),63,200.99484978540767,190.0,200.0,210.0
243,7,538,669,61,40,0.1001,clIscA1/clCry4(LB +FAC),153,202.35973597359737,190.0,202.0,213.0
327,7,538,669,62,40,0.1001,clIscA1/clCry4(LB +FAC),171,199.58672199170124,190.0,200.0,208.0
917,7,793,667,59,38,0.1002,clIscA1/clCry4(LB +FAC),81,203.6327272727273,196.0,204.0,208.0
665,7,793,667,59,38,0.1002,clIscA1/clCry4(LB +FAC),27,201.71159283694627,194.0,201.0,207.0
329,7,793,667,59,38,0.1002,clIscA1/clCry4(LB +FAC),171,197.2335164835165,190.0,197.0,203.0
119,7,793,667,59,38,0.1002,clIscA1/clCry4(LB +FAC),126,199.9158878504673,193.0,200.0,205.0
455,7,793,667,59,38,0.1002,clIscA1/clCry4(LB +FAC),189,200.9008341056534,193.0,201.0,207.0
287,7,793,667,59,38,0.1002,clIscA1/clCry4(LB +FAC),162,200.32139577594123,193.0,200.0,206.0
959,7,793,667,59,38,0.1002,clIscA1/clCry4(LB +FAC),9,205.9082397003745,200.0,206.0,212.0
749,7,794,667,58,38,0.1002,clIscA1/clCry4(LB +FAC),45,205.5027881040892,198.0,206.0,211.0
77,7,793,667,59,38,0.1002,clIscA1/clCry4(LB +FAC),117,202.9458689458689,196.0,204.0,208.0
497,7,793,667,59,38,0.1002,clIscA1/clCry4(LB +FAC),198,201.54262144821263,194.0,201.0,207.0
791,7,793,667,59,38,0.1002,clIscA1/clCry4(LB +FAC),54,203.00454959053684,196.0,202.0,208.0
1001,7,793,667,59,38,0.1002,clIscA1/clCry4(LB +FAC),90,201.68516833484983,194.0,202.0,207.0
581,7,793,667,59,38,0.1002,clIscA1/clCry4(LB +FAC),216,197.7808988764045,191.0,198.0,203.0
35,7,793,667,59,38,0.1002,clIscA1/clCry4(LB +FAC),108,196.9813084112149,190.0,197.0,202.0
539,7,793,667,59,38,0.1002,clIscA1/clCry4(LB +FAC),207,196.44729605866175,189.0,197.0,201.0
1043,7,793,667,59,38,0.1002,clIscA1/clCry4(LB +FAC),99,200.96622889305817,194.0,201.0,207.0
623,7,793,667,59,38,0.1002,clIscA1/clCry4(LB +FAC),225,198.52720450281427,192.0,198.0,204.0
413,7,793,667,59,38,0.1002,clIscA1/clCry4(LB +FAC),180,205.8576709796673,199.0,205.0,212.0
203,7,793,667,59,38,0.1002,clIscA1/clCry4(LB +FAC),144,203.7952029520295,197.0,203.0,209.0
245,7,793,667,59,38,0.1002,clIscA1/clCry4(LB +FAC),153,202.7865064695009,194.0,203.0,208.0
707,7,794,667,58,38,0.1002,clIscA1/clCry4(LB +FAC),36,200.32988721804512,194.0,200.0,206.0
833,7,793,667,59,38,0.1002,clIscA1/clCry4(LB +FAC),63,201.68059424326836,195.0,202.0,207.0
371,7,794,667,58,38,0.1002,clIscA1/clCry4(LB +FAC),18,199.7984718242598,193.0,200.0,205.0
161,7,793,667,59,38,0.1002,clIscA1/clCry4(LB +FAC),135,199.88532110091745,193.0,200.0,205.0
875,7,793,667,59,38,0.1002,clIscA1/clCry4(LB +FAC),72,198.34990791896868,192.0,199.0,204.0
532,6,514,579,64,43,0.1101,clIscA1/clCry4(LB +FAC),207,195.2503748125937,189.0,194.0,201.0
574,6,514,579,64,43,0.1101,clIscA1/clCry4(LB +FAC),216,193.02110022607383,185.0,191.0,201.0
784,6,514,579,64,43,0.1101,clIscA1/clCry4(LB +FAC),54,204.58964741185292,197.0,204.0,211.0
1036,6,514,579,64,43,0.1101,clIscA1/clCry4(LB +FAC),99,198.53257575757576,190.0,198.0,207.0
952,6,514,579,64,43,0.1101,clIscA1/clCry4(LB +FAC),9,207.43237250554324,201.0,207.0,213.0
196,6,514,579,64,43,0.1101,clIscA1/clCry4(LB +FAC),144,203.81942336874053,195.0,203.0,212.0
490,6,514,579,64,43,0.1101,clIscA1/clCry4(LB +FAC),198,197.83856502242156,190.0,198.0,204.0
70,6,514,579,64,43,0.1101,clIscA1/clCry4(LB +FAC),117,202.26446280991732,194.0,202.0,209.0
826,6,514,579,64,43,0.1101,clIscA1/clCry4(LB +FAC),63,200.29253731343283,192.0,199.0,208.0
616,6,514,579,64,43,0.1101,clIscA1/clCry4(LB +FAC),225,198.6580152671756,190.0,198.0,206.0
280,6,514,579,64,43,0.1101,clIscA1/clCry4(LB +FAC),162,199.65436746987956,192.0,200.0,205.0
364,6,514,579,64,43,0.1101,clIscA1/clCry4(LB +FAC),18,201.5373475609756,194.0,202.0,208.0
322,6,514,579,64,43,0.1101,clIscA1/clCry4(LB +FAC),171,195.2025796661609,187.0,194.0,203.0
742,6,514,579,64,43,0.1101,clIscA1/clCry4(LB +FAC),45,205.89379207180252,198.0,205.0,213.0
28,6,514,579,64,43,0.1101,clIscA1/clCry4(LB +FAC),108,197.84873949579836,190.0,197.0,205.0
994,6,514,579,64,43,0.1101,clIscA1/clCry4(LB +FAC),90,202.19376391982183,195.0,201.0,208.0
154,6,514,579,64,43,0.1101,clIscA1/clCry4(LB +FAC),135,196.64913598797892,189.0,195.0,204.0
112,6,514,579,64,43,0.1101,clIscA1/clCry4(LB +FAC),126,201.57566539923957,195.0,202.0,207.0
868,6,514,579,64,43,0.1101,clIscA1/clCry4(LB +FAC),72,200.58631415241055,193.0,199.0,207.0
910,6,514,579,64,43,0.1101,clIscA1/clCry4(LB +FAC),81,203.91958302308265,196.0,204.0,210.0
406,6,514,579,64,43,0.1101,clIscA1/clCry4(LB +FAC),180,203.33208676140612,194.0,202.0,211.0
700,6,514,579,64,43,0.1101,clIscA1/clCry4(LB +FAC),36,203.0983733539892,195.0,202.0,209.0
238,6,514,579,64,43,0.1101,clIscA1/clCry4(LB +FAC),153,200.75092936802972,192.0,201.0,207.0
448,6,514,579,64,43,0.1101,clIscA1/clCry4(LB +FAC),189,200.69909502262445,192.0,201.0,208.0
658,6,514,579,64,43,0.1101,clIscA1/clCry4(LB +FAC),27,201.9205882352941,194.0,201.0,209.0
1038,6,788,574,60,41,0.1102,clIscA1/clCry4(LB +FAC),99,195.01470588235293,188.0,196.0,199.0
534,6,789,574,59,41,0.1102,clIscA1/clCry4(LB +FAC),207,189.50786713286712,183.0,190.0,194.0
912,6,788,574,60,41,0.1102,clIscA1/clCry4(LB +FAC),81,198.61802575107296,194.0,198.0,203.0
996,6,789,574,59,41,0.1102,clIscA1/clCry4(LB +FAC),90,197.59724612736665,193.0,197.0,202.0
156,6,789,574,59,41,0.1102,clIscA1/clCry4(LB +FAC),135,193.75930735930737,186.0,195.0,198.0
30,6,788,574,60,41,0.1102,clIscA1/clCry4(LB +FAC),108,191.4911541701769,186.0,191.0,197.0
786,6,789,574,59,41,0.1102,clIscA1/clCry4(LB +FAC),54,199.51828724353257,194.0,199.0,205.0
576,6,789,574,59,41,0.1102,clIscA1/clCry4(LB +FAC),216,189.31357388316152,183.0,190.0,193.0
366,6,789,574,60,41,0.1102,clIscA1/clCry4(LB +FAC),18,195.9171597633136,192.0,195.0,200.0
240,6,789,574,59,41,0.1102,clIscA1/clCry4(LB +FAC),153,195.6720890410959,191.0,194.0,202.0
198,6,789,574,59,41,0.1102,clIscA1/clCry4(LB +FAC),144,197.59383033419024,191.0,197.0,203.0
282,6,789,574,60,41,0.1102,clIscA1/clCry4(LB +FAC),162,192.5934539190353,188.0,192.0,196.0
870,6,789,574,59,41,0.1102,clIscA1/clCry4(LB +FAC),72,194.6113463166808,189.0,194.0,199.0
744,6,788,574,60,41,0.1102,clIscA1/clCry4(LB +FAC),45,201.567519858782,198.0,201.0,207.0
954,6,788,574,60,41,0.1102,clIscA1/clCry4(LB +FAC),9,202.973063973064,199.0,202.0,207.0
324,6,788,574,60,41,0.1102,clIscA1/clCry4(LB +FAC),171,190.35503472222223,184.0,191.0,194.0
450,6,789,574,59,41,0.1102,clIscA1/clCry4(LB +FAC),189,193.12382578992316,189.0,192.0,198.0
492,6,789,574,59,41,0.1102,clIscA1/clCry4(LB +FAC),198,192.71292281006072,188.0,192.0,198.0
114,6,789,574,59,41,0.1102,clIscA1/clCry4(LB +FAC),126,194.35489361702128,187.0,195.0,199.0
702,6,789,574,59,41,0.1102,clIscA1/clCry4(LB +FAC),36,197.4174508126604,191.0,198.0,201.0
72,6,788,574,60,41,0.1102,clIscA1/clCry4(LB +FAC),117,197.75276125743412,193.0,197.0,203.0
828,6,788,574,60,41,0.1102,clIscA1/clCry4(LB +FAC),63,197.1656652360515,190.0,198.0,202.0
618,6,789,574,59,41,0.1102,clIscA1/clCry4(LB +FAC),225,191.77777777777777,186.0,191.0,197.0
660,6,788,574,60,41,0.1102,clIscA1/clCry4(LB +FAC),27,199.290756302521,193.0,200.0,203.0
408,6,789,574,59,41,0.1102,clIscA1/clCry4(LB +FAC),180,198.0728196443692,190.0,200.0,202.0
863,5,511,483,66,43,0.1201,clIscA1/clCry4(LB +FAC),72,200.59279141104292,195.0,200.0,206.0
821,5,511,483,66,43,0.1201,clIscA1/clCry4(LB +FAC),63,201.71014492753625,196.0,201.0,208.0
611,5,511,483,66,43,0.1201,clIscA1/clCry4(LB +FAC),225,198.28125,191.0,198.0,205.0
905,5,511,483,66,43,0.1201,clIscA1/clCry4(LB +FAC),81,205.32339791356185,198.0,205.0,212.0
653,5,511,483,66,43,0.1201,clIscA1/clCry4(LB +FAC),27,203.47580044676096,197.0,202.0,209.0
947,5,511,483,66,43,0.1201,clIscA1/clCry4(LB +FAC),9,208.2597891566265,203.0,208.0,214.0
569,5,511,483,66,43,0.1201,clIscA1/clCry4(LB +FAC),216,193.6927162367223,189.0,193.0,199.0
779,5,511,483,66,43,0.1201,clIscA1/clCry4(LB +FAC),54,205.24963396778915,199.0,205.0,210.0
737,5,511,483,66,43,0.1201,clIscA1/clCry4(LB +FAC),45,207.23867069486408,201.0,207.0,213.0
989,5,511,483,66,43,0.1201,clIscA1/clCry4(LB +FAC),90,202.5550660792952,196.0,202.0,207.0
1031,5,511,483,66,43,0.1201,clIscA1/clCry4(LB +FAC),99,200.86032689450224,195.0,200.0,207.0
695,5,511,483,66,43,0.1201,clIscA1/clCry4(LB +FAC),36,204.12250922509224,198.0,203.0,209.0
527,5,511,483,66,43,0.1201,clIscA1/clCry4(LB +FAC),207,194.44319880418536,189.0,193.0,200.0
359,5,511,483,66,43,0.1201,clIscA1/clCry4(LB +FAC),18,202.45545314900156,196.0,202.0,209.0
23,5,511,483,66,43,0.1201,clIscA1/clCry4(LB +FAC),108,198.4687987519501,192.0,198.0,204.0
191,5,511,483,66,43,0.1201,clIscA1/clCry4(LB +FAC),144,204.61271249076128,197.0,203.0,211.0
233,5,511,483,66,43,0.1201,clIscA1/clCry4(LB +FAC),153,200.0492307692308,193.0,200.0,206.0
443,5,511,483,66,43,0.1201,clIscA1/clCry4(LB +FAC),189,199.67092411720512,192.0,200.0,206.0
149,5,511,483,66,43,0.1201,clIscA1/clCry4(LB +FAC),135,197.32648401826484,192.0,196.0,203.0
275,5,511,483,66,43,0.1201,clIscA1/clCry4(LB +FAC),162,199.389552238806,193.0,199.0,204.0
65,5,511,483,66,43,0.1201,clIscA1/clCry4(LB +FAC),117,203.35800604229607,196.0,203.0,208.0
485,5,511,483,66,43,0.1201,clIscA1/clCry4(LB +FAC),198,199.1990632318501,192.0,200.0,204.0
401,5,511,483,66,43,0.1201,clIscA1/clCry4(LB +FAC),180,203.9721595184349,198.0,203.0,210.0
107,5,511,483,66,43,0.1201,clIscA1/clCry4(LB +FAC),126,201.34839650145773,195.0,201.0,206.0
317,5,511,483,66,43,0.1201,clIscA1/clCry4(LB +FAC),171,196.2406456346295,191.0,195.0,202.0
1033,5,802,469,60,40,0.1202,clIscA1/clCry4(LB +FAC),99,197.24846356453028,191.0,197.0,202.0
739,5,802,469,60,40,0.1202,clIscA1/clCry4(LB +FAC),45,203.5417032484636,198.0,203.0,209.0
445,5,802,470,60,39,0.1202,clIscA1/clCry4(LB +FAC),189,195.8300711743772,189.0,196.0,201.0
361,5,802,469,60,40,0.1202,clIscA1/clCry4(LB +FAC),18,199.47951176983435,194.0,200.0,204.0
319,5,802,469,60,40,0.1202,clIscA1/clCry4(LB +FAC),171,192.2195555555556,185.0,192.0,197.0
697,5,802,469,60,40,0.1202,clIscA1/clCry4(LB +FAC),36,201.10972346119536,195.0,201.0,207.0
67,5,802,469,60,40,0.1202,clIscA1/clCry4(LB +FAC),117,199.41176470588235,194.0,199.0,204.0
403,5,802,469,60,40,0.1202,clIscA1/clCry4(LB +FAC),180,199.87884108867428,192.0,201.0,204.0
823,5,802,469,60,40,0.1202,clIscA1/clCry4(LB +FAC),63,199.5382608695652,193.0,199.0,204.0
991,5,802,469,60,40,0.1202,clIscA1/clCry4(LB +FAC),90,199.9108734402852,195.0,199.0,205.0
613,5,802,469,60,40,0.1202,clIscA1/clCry4(LB +FAC),225,194.11852502194907,187.0,194.0,199.0
781,5,802,470,60,39,0.1202,clIscA1/clCry4(LB +FAC),54,202.98499558693732,198.0,202.0,209.0
277,5,802,470,60,39,0.1202,clIscA1/clCry4(LB +FAC),162,195.7521891418564,191.0,195.0,201.0
235,5,802,470,60,39,0.1202,clIscA1/clCry4(LB +FAC),153,196.56339285714284,191.0,196.0,202.0
655,5,802,469,60,40,0.1202,clIscA1/clCry4(LB +FAC),27,201.7368881118881,195.0,201.0,206.0
25,5,802,470,60,39,0.1202,clIscA1/clCry4(LB +FAC),108,194.97433628318583,188.0,196.0,199.0
949,5,802,470,60,39,0.1202,clIscA1/clCry4(LB +FAC),9,205.61485319516407,200.0,205.0,210.0
109,5,802,470,60,39,0.1202,clIscA1/clCry4(LB +FAC),126,197.66184448462928,194.0,197.0,203.0
487,5,802,469,60,40,0.1202,clIscA1/clCry4(LB +FAC),198,194.3723591549296,189.0,194.0,200.0
907,5,802,469,60,40,0.1202,clIscA1/clCry4(LB +FAC),81,201.52828546562228,196.0,201.0,206.0
865,5,802,469,60,40,0.1202,clIscA1/clCry4(LB +FAC),72,197.69391304347823,191.0,198.0,202.0
529,5,802,469,60,40,0.1202,clIscA1/clCry4(LB +FAC),207,192.08253692441355,188.0,191.0,197.0
193,5,802,469,60,40,0.1202,clIscA1/clCry4(LB +FAC),144,200.23647469458987,192.0,201.0,205.0
571,5,802,469,60,40,0.1202,clIscA1/clCry4(LB +FAC),216,190.37122557726465,184.0,190.0,195.0
151,5,802,469,60,40,0.1202,clIscA1/clCry4(LB +FAC),135,194.6684684684685,188.0,195.0,199.0
396,4,512,381,62,41,0.1301,clIscA1/clCry4(LB +FAC),180,188.1566469093988,181.0,189.0,194.0
942,4,512,381,62,41,0.1301,clIscA1/clCry4(LB +FAC),9,210.6749792186201,205.0,210.0,216.0
102,4,512,381,62,40,0.1301,clIscA1/clCry4(LB +FAC),126,192.2121212121212,186.0,192.0,197.0
144,4,512,381,62,40,0.1301,clIscA1/clCry4(LB +FAC),135,186.90953150242328,179.0,186.0,193.0
1026,4,512,381,62,41,0.1301,clIscA1/clCry4(LB +FAC),99,193.7888,187.0,193.0,199.0
522,4,512,381,62,40,0.1301,clIscA1/clCry4(LB +FAC),207,177.69096934548466,170.0,178.0,183.0
774,4,512,381,62,41,0.1301,clIscA1/clCry4(LB +FAC),54,202.76642335766425,197.0,202.0,209.0
60,4,512,381,62,41,0.1301,clIscA1/clCry4(LB +FAC),117,194.78467741935484,188.0,195.0,201.0
564,4,512,381,62,40,0.1301,clIscA1/clCry4(LB +FAC),216,175.82372322899505,168.0,176.0,181.0
270,4,512,381,62,41,0.1301,clIscA1/clCry4(LB +FAC),162,187.3168,181.0,187.0,192.0
438,4,512,381,62,41,0.1301,clIscA1/clCry4(LB +FAC),189,184.1558752997602,177.0,183.0,190.0
858,4,512,381,62,41,0.1301,clIscA1/clCry4(LB +FAC),72,195.702024291498,190.0,195.0,201.0
816,4,512,381,62,41,0.1301,clIscA1/clCry4(LB +FAC),63,198.0978689818469,192.0,198.0,203.0
648,4,512,381,62,41,0.1301,clIscA1/clCry4(LB +FAC),27,203.1570850202429,196.0,202.0,209.0
900,4,512,381,62,41,0.1301,clIscA1/clCry4(LB +FAC),81,199.87448389760527,193.0,199.0,206.0
18,4,512,381,62,41,0.1301,clIscA1/clCry4(LB +FAC),108,190.76048387096773,185.0,190.0,196.0
186,4,512,381,62,40,0.1301,clIscA1/clCry4(LB +FAC),144,192.3227344992051,185.0,192.0,198.0
354,4,512,381,62,41,0.1301,clIscA1/clCry4(LB +FAC),18,204.336,197.0,203.0,210.0
606,4,512,381,62,40,0.1301,clIscA1/clCry4(LB +FAC),225,179.6730449251248,174.0,179.0,187.0
732,4,512,381,62,41,0.1301,clIscA1/clCry4(LB +FAC),45,205.0532258064516,198.0,205.0,211.0
228,4,512,381,62,41,0.1301,clIscA1/clCry4(LB +FAC),153,187.9836867862969,181.0,188.0,193.0
984,4,512,381,62,41,0.1301,clIscA1/clCry4(LB +FAC),90,196.67124394184168,189.0,197.0,203.0
480,4,512,381,62,41,0.1301,clIscA1/clCry4(LB +FAC),198,182.43421052631575,175.0,181.0,189.0
312,4,512,381,62,40,0.1301,clIscA1/clCry4(LB +FAC),171,182.07462686567163,175.0,182.0,188.0
690,4,512,381,62,41,0.1301,clIscA1/clCry4(LB +FAC),36,202.5692307692308,195.0,202.0,209.0
734,4,795,375,59,39,0.1302,clIscA1/clCry4(LB +FAC),45,207.47475642161208,199.0,207.0,214.0
356,4,795,375,59,39,0.1302,clIscA1/clCry4(LB +FAC),18,201.4597806215722,194.0,202.0,207.0
146,4,795,375,59,39,0.1302,clIscA1/clCry4(LB +FAC),135,202.64177777777775,196.0,203.0,208.0
776,4,795,375,59,39,0.1302,clIscA1/clCry4(LB +FAC),54,206.91517857142856,200.0,207.0,212.0
62,4,795,375,59,39,0.1302,clIscA1/clCry4(LB +FAC),117,207.04705882352943,198.0,206.0,213.0
272,4,795,375,59,39,0.1302,clIscA1/clCry4(LB +FAC),162,203.96269335759783,196.0,203.0,211.0
902,4,795,375,59,39,0.1302,clIscA1/clCry4(LB +FAC),81,207.08944543828264,199.0,207.0,214.0
818,4,795,375,59,39,0.1302,clIscA1/clCry4(LB +FAC),63,203.8065395095368,197.0,204.0,209.0
188,4,795,375,59,39,0.1302,clIscA1/clCry4(LB +FAC),144,208.66426642664263,201.0,209.0,214.0
860,4,795,375,59,39,0.1302,clIscA1/clCry4(LB +FAC),72,202.2164662349676,194.0,202.0,209.0
230,4,795,375,59,39,0.1302,clIscA1/clCry4(LB +FAC),153,206.35204991087343,198.0,206.0,212.0
986,4,795,375,59,39,0.1302,clIscA1/clCry4(LB +FAC),90,205.22714420358156,199.0,205.0,211.0
944,4,795,375,59,39,0.1302,clIscA1/clCry4(LB +FAC),9,208.3180568285976,202.0,209.0,214.0
314,4,795,375,59,39,0.1302,clIscA1/clCry4(LB +FAC),171,202.17781851512373,194.0,202.0,210.0
104,4,795,375,60,39,0.1302,clIscA1/clCry4(LB +FAC),126,203.51606978879707,196.0,204.0,210.0
566,4,795,375,59,39,0.1302,clIscA1/clCry4(LB +FAC),216,200.68256880733944,192.0,201.0,208.0
482,4,795,375,59,39,0.1302,clIscA1/clCry4(LB +FAC),198,204.58760107816715,196.0,204.0,211.0
1028,4,795,375,59,39,0.1302,clIscA1/clCry4(LB +FAC),99,203.99820948970455,196.0,204.0,210.0
608,4,795,375,59,39,0.1302,clIscA1/clCry4(LB +FAC),225,205.61614349775783,197.0,206.0,212.0
524,4,795,375,59,39,0.1302,clIscA1/clCry4(LB +FAC),207,201.62578334825423,193.0,201.0,208.0
20,4,795,375,59,39,0.1302,clIscA1/clCry4(LB +FAC),108,201.3446069469836,194.0,201.0,207.0
692,4,795,375,59,39,0.1302,clIscA1/clCry4(LB +FAC),36,203.60892857142855,195.0,203.0,209.0
398,4,795,375,60,39,0.1302,clIscA1/clCry4(LB +FAC),180,209.27305605786617,202.0,210.0,215.0
650,4,795,375,59,39,0.1302,clIscA1/clCry4(LB +FAC),27,204.12254025044723,197.0,204.0,209.0
440,4,795,375,59,39,0.1302,clIscA1/clCry4(LB +FAC),189,206.20239190432383,198.0,206.0,212.0
307,3,512,287,62,41,0.1401,clIscA1/clCry4(LB +FAC),171,205.69587194608252,198.0,206.0,212.0
937,3,512,287,62,41,0.1401,clIscA1/clCry4(LB +FAC),9,211.6644462947544,204.0,211.0,217.0
1021,3,512,287,62,41,0.1401,clIscA1/clCry4(LB +FAC),99,207.8050986842105,200.0,207.0,213.0
433,3,512,287,62,41,0.1401,clIscA1/clCry4(LB +FAC),189,210.8253311258278,204.0,211.0,216.0
811,3,512,287,62,41,0.1401,clIscA1/clCry4(LB +FAC),63,207.13689482470784,201.0,207.0,212.0
979,3,512,287,62,41,0.1401,clIscA1/clCry4(LB +FAC),90,209.9562398703404,203.0,210.0,215.0
181,3,512,287,62,41,0.1401,clIscA1/clCry4(LB +FAC),144,214.2619626926196,206.0,214.0,220.0
265,3,512,287,62,41,0.1401,clIscA1/clCry4(LB +FAC),162,210.01119104716227,202.0,210.0,216.0
97,3,512,287,62,41,0.1401,clIscA1/clCry4(LB +FAC),126,210.5821862348178,204.0,211.0,216.0
643,3,512,287,62,41,0.1401,clIscA1/clCry4(LB +FAC),27,206.54769736842104,199.0,207.0,212.0
139,3,512,287,62,41,0.1401,clIscA1/clCry4(LB +FAC),135,206.21603927986908,198.0,206.0,212.0
223,3,512,287,62,41,0.1401,clIscA1/clCry4(LB +FAC),153,210.5951807228916,203.0,211.0,216.0
475,3,512,287,62,41,0.1401,clIscA1/clCry4(LB +FAC),198,210.9098228663446,203.0,211.0,216.0
601,3,512,287,62,41,0.1401,clIscA1/clCry4(LB +FAC),225,211.8520710059172,204.0,212.0,218.0
517,3,512,287,62,41,0.1401,clIscA1/clCry4(LB +FAC),207,206.75966386554623,200.0,207.0,213.0
853,3,512,287,62,41,0.1401,clIscA1/clCry4(LB +FAC),72,205.79353233830847,199.0,207.0,211.0
769,3,512,287,62,41,0.1401,clIscA1/clCry4(LB +FAC),54,210.9521452145215,204.0,211.0,216.0
391,3,512,287,62,41,0.1401,clIscA1/clCry4(LB +FAC),180,214.84003215434083,207.0,214.0,221.0
55,3,512,287,62,41,0.1401,clIscA1/clCry4(LB +FAC),117,209.93587662337663,202.0,210.0,216.0
895,3,512,287,62,41,0.1401,clIscA1/clCry4(LB +FAC),81,211.3996710526316,203.0,211.0,217.0
727,3,512,287,62,41,0.1401,clIscA1/clCry4(LB +FAC),45,210.76054097056485,204.0,211.0,216.0
559,3,512,287,62,42,0.1401,clIscA1/clCry4(LB +FAC),216,206.0858085808581,199.0,206.0,212.0
349,3,512,287,62,41,0.1401,clIscA1/clCry4(LB +FAC),18,205.52748154224776,199.0,205.0,211.0
685,3,512,287,62,41,0.1401,clIscA1/clCry4(LB +FAC),36,207.85585585585585,201.0,208.0,213.0
13,3,512,287,62,41,0.1401,clIscA1/clCry4(LB +FAC),108,205.21668029435813,198.0,205.0,211.0
15,3,792,279,58,39,0.1402,clIscA1/clCry4(LB +FAC),108,201.44274809160305,195.0,201.0,207.0
645,3,792,279,58,39,0.1402,clIscA1/clCry4(LB +FAC),27,204.6442762535478,199.0,204.0,209.0
897,3,792,279,58,39,0.1402,clIscA1/clCry4(LB +FAC),81,207.2778827977316,200.0,207.0,213.0
603,3,792,279,58,39,0.1402,clIscA1/clCry4(LB +FAC),225,206.5887323943662,198.0,208.0,212.0
561,3,792,279,58,39,0.1402,clIscA1/clCry4(LB +FAC),216,201.93767186067828,195.0,201.0,207.0
477,3,792,279,58,39,0.1402,clIscA1/clCry4(LB +FAC),198,204.32382704691813,199.0,203.0,210.0
351,3,792,279,58,39,0.1402,clIscA1/clCry4(LB +FAC),18,202.46511627906975,195.0,203.0,207.0
855,3,792,279,58,39,0.1402,clIscA1/clCry4(LB +FAC),72,202.34380776340112,197.0,202.0,208.0
225,3,792,279,58,39,0.1402,clIscA1/clCry4(LB +FAC),153,206.1047794117647,200.0,205.0,212.0
729,3,792,279,58,39,0.1402,clIscA1/clCry4(LB +FAC),45,207.3857008466604,201.0,208.0,212.0
813,3,792,279,58,39,0.1402,clIscA1/clCry4(LB +FAC),63,204.15712988192556,198.0,204.0,210.0
981,3,792,279,58,39,0.1402,clIscA1/clCry4(LB +FAC),90,205.92678405931417,199.0,206.0,211.0
309,3,792,279,58,39,0.1402,clIscA1/clCry4(LB +FAC),171,202.7179245283019,196.0,203.0,208.0
939,3,792,279,58,39,0.1402,clIscA1/clCry4(LB +FAC),9,207.75813953488367,200.0,208.0,213.0
141,3,792,279,58,39,0.1402,clIscA1/clCry4(LB +FAC),135,202.54768392370573,195.0,203.0,207.0
57,3,792,279,58,39,0.1402,clIscA1/clCry4(LB +FAC),117,207.0721649484536,202.0,206.0,212.0
1023,3,792,279,58,39,0.1402,clIscA1/clCry4(LB +FAC),99,203.55607476635515,196.0,204.0,209.0
771,3,792,279,58,39,0.1402,clIscA1/clCry4(LB +FAC),54,206.89753320683116,199.0,207.0,212.0
687,3,792,279,58,39,0.1402,clIscA1/clCry4(LB +FAC),36,203.7744292237443,198.0,203.0,209.0
435,3,792,279,58,39,0.1402,clIscA1/clCry4(LB +FAC),189,207.47671232876712,200.0,207.0,213.0
267,3,792,279,58,39,0.1402,clIscA1/clCry4(LB +FAC),162,204.95140186915887,199.0,204.0,210.0
519,3,792,279,58,39,0.1402,clIscA1/clCry4(LB +FAC),207,203.1484517304189,197.0,202.0,208.0
99,3,792,279,58,39,0.1402,clIscA1/clCry4(LB +FAC),126,204.7579737335835,198.0,205.0,209.0
393,3,792,279,58,39,0.1402,clIscA1/clCry4(LB +FAC),180,209.4216524216524,202.0,210.0,214.0
183,3,792,279,58,39,0.1402,clIscA1/clCry4(LB +FAC),144,209.13357731015557,202.0,209.0,214.0
595,2,518,188,61,41,0.1501,clIscA1/clCry4(LB +FAC),225,202.2888146911519,194.0,201.0,210.0
217,2,518,188,61,41,0.1501,clIscA1/clCry4(LB +FAC),153,200.85879438480595,193.0,202.0,206.0
889,2,518,188,61,41,0.1501,clIscA1/clCry4(LB +FAC),81,202.4450915141431,195.0,203.0,208.0
91,2,518,188,61,41,0.1501,clIscA1/clCry4(LB +FAC),126,201.68342951360265,194.0,202.0,207.0
973,2,518,188,62,41,0.1501,clIscA1/clCry4(LB +FAC),90,201.34341782502045,195.0,201.0,207.0
469,2,518,188,61,41,0.1501,clIscA1/clCry4(LB +FAC),198,200.75599669148056,192.0,201.0,206.0
301,2,518,188,62,41,0.1501,clIscA1/clCry4(LB +FAC),171,196.4416326530612,190.0,195.0,203.0
49,2,518,188,61,41,0.1501,clIscA1/clCry4(LB +FAC),117,201.40871710526315,194.0,202.0,207.0
721,2,518,188,61,41,0.1501,clIscA1/clCry4(LB +FAC),45,202.36385936222405,196.0,201.0,208.0
1015,2,518,188,61,41,0.1501,clIscA1/clCry4(LB +FAC),99,197.4789430222956,190.0,197.0,203.0
385,2,518,188,62,41,0.1501,clIscA1/clCry4(LB +FAC),180,205.18233387358185,200.0,204.0,211.0
343,2,518,188,61,41,0.1501,clIscA1/clCry4(LB +FAC),18,197.1818181818182,190.0,196.0,203.0
763,2,518,188,61,41,0.1501,clIscA1/clCry4(LB +FAC),54,201.81952420016407,195.0,201.0,209.0
7,2,518,188,62,41,0.1501,clIscA1/clCry4(LB +FAC),108,197.3054187192118,191.0,197.0,201.0
679,2,518,188,61,41,0.1501,clIscA1/clCry4(LB +FAC),36,200.2917685411573,192.0,201.0,205.0
847,2,518,188,61,41,0.1501,clIscA1/clCry4(LB +FAC),72,197.77605512489237,192.0,199.0,202.0
511,2,518,188,62,41,0.1501,clIscA1/clCry4(LB +FAC),207,198.55223880597012,191.0,199.0,204.0
553,2,518,188,62,41,0.1501,clIscA1/clCry4(LB +FAC),216,196.9264705882353,189.0,197.0,202.0
805,2,518,188,61,41,0.1501,clIscA1/clCry4(LB +FAC),63,198.90542763157896,192.0,199.0,203.0
931,2,518,188,61,41,0.1501,clIscA1/clCry4(LB +FAC),9,202.3179091688089,196.0,202.0,208.0
175,2,518,188,61,41,0.1501,clIscA1/clCry4(LB +FAC),144,204.60411522633743,198.0,204.0,210.0
259,2,518,188,62,41,0.1501,clIscA1/clCry4(LB +FAC),162,201.123322147651,193.0,202.0,207.0
133,2,518,188,61,41,0.1501,clIscA1/clCry4(LB +FAC),135,196.4360902255639,189.0,196.0,202.0
637,2,518,188,61,41,0.1501,clIscA1/clCry4(LB +FAC),27,199.336974789916,192.0,200.0,204.0
427,2,518,188,61,41,0.1501,clIscA1/clCry4(LB +FAC),189,201.34491315136475,194.0,201.0,207.0
933,2,796,180,56,38,0.1502,clIscA1/clCry4(LB +FAC),9,199.16975609756096,193.0,201.0,202.0
9,2,796,180,56,38,0.1502,clIscA1/clCry4(LB +FAC),108,193.77303588748788,188.0,195.0,197.0
513,2,796,180,56,38,0.1502,clIscA1/clCry4(LB +FAC),207,192.21209117938557,189.0,192.0,197.0
93,2,796,180,56,38,0.1502,clIscA1/clCry4(LB +FAC),126,195.21293532338308,192.0,195.0,198.0
135,2,796,180,56,38,0.1502,clIscA1/clCry4(LB +FAC),135,194.21000981354268,189.0,195.0,197.0
555,2,796,180,56,38,0.1502,clIscA1/clCry4(LB +FAC),216,192.8061023622047,188.0,193.0,197.0
891,2,796,180,56,38,0.1502,clIscA1/clCry4(LB +FAC),81,197.43147208121823,194.0,197.0,201.0
723,2,796,180,56,38,0.1502,clIscA1/clCry4(LB +FAC),45,197.43037974683543,192.0,199.0,200.0
387,2,796,180,56,38,0.1502,clIscA1/clCry4(LB +FAC),180,200.91367604267705,196.0,201.0,204.0
345,2,796,180,56,38,0.1502,clIscA1/clCry4(LB +FAC),18,194.48565776458952,191.0,194.0,198.0
51,2,796,180,56,38,0.1502,clIscA1/clCry4(LB +FAC),117,197.83695652173915,193.0,198.0,202.0
765,2,796,180,56,38,0.1502,clIscA1/clCry4(LB +FAC),54,198.82005899705013,194.0,199.0,202.0
681,2,796,180,56,38,0.1502,clIscA1/clCry4(LB +FAC),36,197.45520082389288,192.0,198.0,201.0
1017,2,796,180,56,38,0.1502,clIscA1/clCry4(LB +FAC),99,194.72093023255812,189.0,196.0,198.0
303,2,796,180,56,38,0.1502,clIscA1/clCry4(LB +FAC),171,192.90927218344964,189.0,193.0,197.0
429,2,796,180,56,38,0.1502,clIscA1/clCry4(LB +FAC),189,197.95742574257423,191.0,200.0,202.0
807,2,796,180,56,38,0.1502,clIscA1/clCry4(LB +FAC),63,195.1966873706004,190.0,196.0,199.0
639,2,796,180,56,38,0.1502,clIscA1/clCry4(LB +FAC),27,193.7967086156825,190.0,193.0,198.0
471,2,796,180,56,38,0.1502,clIscA1/clCry4(LB +FAC),198,197.58829174664103,190.0,199.0,201.0
849,2,796,180,56,38,0.1502,clIscA1/clCry4(LB +FAC),72,193.7509541984733,189.0,194.0,198.0
219,2,796,180,56,38,0.1502,clIscA1/clCry4(LB +FAC),153,197.2650142993327,191.0,197.0,203.0
597,2,796,180,56,38,0.1502,clIscA1/clCry4(LB +FAC),225,196.05096153846156,189.0,197.0,199.0
177,2,796,180,56,38,0.1502,clIscA1/clCry4(LB +FAC),144,200.85672514619884,194.0,202.0,204.0
975,2,796,180,56,38,0.1502,clIscA1/clCry4(LB +FAC),90,196.69073170731707,191.0,197.0,200.0
261,2,796,180,56,38,0.1502,clIscA1/clCry4(LB +FAC),162,195.45382323733864,191.0,195.0,201.0
967,1,512,90,56,40,0.1701,clIscA1/clCry4(LB +FAC),90,180.1339534883721,176.0,180.0,184.0
85,1,512,90,56,40,0.1701,clIscA1/clCry4(LB +FAC),126,179.7563025210084,174.0,180.0,185.0
1009,1,512,90,56,40,0.1701,clIscA1/clCry4(LB +FAC),99,177.938202247191,173.0,178.0,181.0
43,1,512,90,56,40,0.1701,clIscA1/clCry4(LB +FAC),117,180.2728127939793,174.0,180.0,185.0
1,1,512,90,56,40,0.1701,clIscA1/clCry4(LB +FAC),108,176.1222014925373,170.0,177.0,179.0
253,1,511,90,57,40,0.1701,clIscA1/clCry4(LB +FAC),162,180.23446327683612,174.0,182.0,183.0
379,1,512,90,56,40,0.1701,clIscA1/clCry4(LB +FAC),180,183.7820646506778,179.0,184.0,189.0
715,1,512,90,56,40,0.1701,clIscA1/clCry4(LB +FAC),45,179.5531914893617,174.0,180.0,183.0
127,1,511,90,57,39,0.1701,clIscA1/clCry4(LB +FAC),135,175.42649727767696,171.0,174.0,179.0
337,1,512,90,56,40,0.1701,clIscA1/clCry4(LB +FAC),18,177.5666973321067,173.0,177.0,180.0
757,1,512,90,56,39,0.1701,clIscA1/clCry4(LB +FAC),54,180.28026070763505,176.0,180.0,183.0
631,1,512,90,56,40,0.1701,clIscA1/clCry4(LB +FAC),27,176.57435897435897,172.0,176.0,182.0
463,1,512,90,56,40,0.1701,clIscA1/clCry4(LB +FAC),198,180.448717948718,177.0,180.0,184.0
295,1,512,90,56,40,0.1701,clIscA1/clCry4(LB +FAC),171,175.97042513863215,171.0,175.0,181.0
799,1,512,90,56,39,0.1701,clIscA1/clCry4(LB +FAC),63,175.74391431353456,171.0,176.0,180.0
421,1,512,90,56,40,0.1701,clIscA1/clCry4(LB +FAC),189,179.82792527040314,176.0,179.0,184.0
841,1,512,90,56,40,0.1701,clIscA1/clCry4(LB +FAC),72,176.44924812030075,172.0,177.0,180.0
673,1,512,90,56,40,0.1701,clIscA1/clCry4(LB +FAC),36,178.72823984526113,174.0,179.0,183.0
589,1,512,90,56,40,0.1701,clIscA1/clCry4(LB +FAC),225,180.97408829174665,175.0,181.0,187.0
211,1,512,90,56,40,0.1701,clIscA1/clCry4(LB +FAC),153,180.2411873840445,174.0,182.0,183.0
883,1,512,90,56,40,0.1701,clIscA1/clCry4(LB +FAC),81,181.53676470588235,176.0,181.0,186.0
505,1,512,90,56,40,0.1701,clIscA1/clCry4(LB +FAC),207,177.4037558685446,171.0,179.0,180.0
547,1,512,90,56,40,0.1701,clIscA1/clCry4(LB +FAC),216,176.27961165048544,170.0,178.0,180.0
169,1,512,90,56,40,0.1701,clIscA1/clCry4(LB +FAC),144,181.5077071290944,177.0,182.0,184.0
925,1,512,90,56,40,0.1701,clIscA1/clCry4(LB +FAC),9,182.1917148362235,177.0,183.0,185.0
465,1,794,85,51,36,0.1702,clIscA1/clCry4(LB +FAC),198,163.5444579780755,157.0,165.0,168.0
507,1,794,85,50,36,0.1702,clIscA1/clCry4(LB +FAC),207,159.57331730769232,154.0,159.0,164.0
549,1,794,85,50,36,0.1702,clIscA1/clCry4(LB +FAC),216,162.32366589327145,156.0,162.0,167.0
633,1,795,85,49,36,0.1702,clIscA1/clCry4(LB +FAC),27,161.17279411764707,153.0,162.0,166.0
423,1,794,85,50,36,0.1702,clIscA1/clCry4(LB +FAC),189,163.60022909507447,157.0,164.0,168.0
3,1,794,85,50,36,0.1702,clIscA1/clCry4(LB +FAC),108,159.63425925925927,152.0,160.0,164.0
591,1,794,85,50,36,0.1702,clIscA1/clCry4(LB +FAC),225,162.8345238095238,156.0,163.0,168.0
129,1,794,85,50,36,0.1702,clIscA1/clCry4(LB +FAC),135,161.852286049238,155.0,163.0,166.0
717,1,795,85,49,35,0.1702,clIscA1/clCry4(LB +FAC),45,164.07733333333334,158.0,165.0,170.0
381,1,795,85,50,35,0.1702,clIscA1/clCry4(LB +FAC),180,167.82271147161066,161.0,168.0,172.0
1011,1,795,85,49,36,0.1702,clIscA1/clCry4(LB +FAC),99,162.96226415094338,156.0,163.0,168.0
45,1,795,85,50,36,0.1702,clIscA1/clCry4(LB +FAC),117,166.58131487889273,159.0,167.0,171.0
339,1,794,85,50,36,0.1702,clIscA1/clCry4(LB +FAC),18,162.32748538011697,155.0,162.0,167.0
759,1,795,85,50,35,0.1702,clIscA1/clCry4(LB +FAC),54,163.4453488372093,158.0,163.0,168.0
297,1,795,85,50,36,0.1702,clIscA1/clCry4(LB +FAC),171,160.42009685230025,154.0,161.0,165.0
255,1,794,85,50,36,0.1702,clIscA1/clCry4(LB +FAC),162,162.01112484548827,157.0,162.0,167.0
843,1,794,85,50,35,0.1702,clIscA1/clCry4(LB +FAC),72,161.48629320619784,155.0,162.0,166.0
213,1,795,85,49,36,0.1702,clIscA1/clCry4(LB +FAC),153,163.96193771626298,158.0,164.0,169.0
885,1,794,85,50,36,0.1702,clIscA1/clCry4(LB +FAC),81,165.8862343572241,159.0,167.0,170.0
969,1,794,85,50,36,0.1702,clIscA1/clCry4(LB +FAC),90,164.15264423076923,158.0,164.0,169.0
171,1,794,85,50,36,0.1702,clIscA1/clCry4(LB +FAC),144,166.26231527093597,160.0,167.0,171.0
87,1,794,85,50,35,0.1702,clIscA1/clCry4(LB +FAC),126,162.58949880668257,156.0,163.0,167.0
927,1,795,85,49,36,0.1702,clIscA1/clCry4(LB +FAC),9,164.02764423076923,158.0,165.0,168.0
675,1,795,85,49,36,0.1702,clIscA1/clCry4(LB +FAC),36,165.18450184501845,159.0,166.0,170.0
801,1,794,85,51,36,0.1702,clIscA1/clCry4(LB +FAC),63,163.05827505827506,156.0,164.0,167.0
