,x,y,w,h,protein,TE,avg_gray,25_gray,50_gray,75_gray
1,380,91,75,50,0.09,108,177.75055803571428,170.0,177.0,182.0
1,506,89,68,47,0.17,108,183.86459709379128,180.0,183.0,187.0
1,649,86,62,44,0.15,108,174.87693498452012,169.0,175.0,178.0
1,786,84,60,43,0.17,108,173.25691056910568,169.0,174.0,177.0
1,904,87,63,45,0.15,108,172.50223546944858,168.0,173.0,175.0
1,1033,83,62,42,0.0,108,171.25560975609756,168.0,172.0,175.0
2,365,188,76,48,0.07,108,185.01907514450866,179.0,186.0,189.0
2,509,187,72,49,0.15,108,198.08652729384437,190.0,197.0,204.0
2,636,186,69,47,0.13,108,191.77994791666666,187.0,191.0,196.0
2,787,180,67,46,0.15,108,196.78866340097971,189.0,197.0,202.0
2,929,176,67,45,0.13,108,182.99575371549895,175.0,183.0,189.0
2,1045,181,66,41,0.0,108,182.45639097744362,174.0,183.0,187.0
3,369,288,77,49,0.08,108,189.7926089354661,182.0,189.0,195.0
3,503,286,75,49,0.14,108,203.3131373725255,194.0,203.0,210.0
3,644,292,72,50,0.13,108,188.72040452111838,180.0,188.0,196.0
3,785,278,69,47,0.14,108,201.1641397495056,193.0,201.0,208.0
3,917,274,68,45,0.13,108,191.05194805194805,187.0,191.0,195.0
4,369,384,81,52,0.07,108,192.34707903780068,184.0,192.0,199.0
4,505,380,73,48,0.13,108,190.48995271867614,184.0,189.0,196.0
4,648,380,72,47,0.12,108,200.21299638989169,191.0,199.0,207.0
4,788,375,71,47,0.13,108,200.91969407265773,193.0,201.0,207.0
4,926,378,69,47,0.12,108,188.89948119325553,183.0,188.0,193.0
5,375,486,78,49,0.07,108,189.02029312288613,179.0,190.0,195.0
5,504,483,76,49,0.12,108,196.96646171045276,188.0,197.0,203.0
5,649,473,74,49,0.11,108,201.92426108374383,196.0,202.0,207.0
5,794,470,71,47,0.12,108,195.69136597938143,189.0,195.0,202.0
5,935,472,70,46,0.11,108,184.3996138996139,180.0,184.0,188.0
6,372,576,80,50,0.06,108,190.3302752293578,183.0,190.0,195.0
6,508,577,75,51,0.11,108,196.68174204355108,188.0,196.0,204.0
6,648,571,72,47,0.1,108,196.78637770897834,188.0,197.0,203.0
6,784,573,70,48,0.11,108,198.15341959334566,191.0,197.0,203.0
6,932,570,70,45,0.1,108,184.516,181.0,184.0,188.0
7,385,674,78,51,0.07,108,188.9418604651163,183.0,189.0,194.0
7,529,669,73,48,0.1,108,206.46299694189602,195.0,208.0,214.0
7,652,663,68,46,0.1,108,217.553324099723,210.0,217.0,224.0
7,787,666,68,45,0.1,108,210.66526610644257,205.0,210.0,215.0
7,931,669,67,44,0.1,108,198.59237536656892,193.0,199.0,203.0
8,411,767,78,49,0.06,108,196.4536213468869,191.0,197.0,202.0
8,546,760,65,42,0.09,108,207.6633813495072,200.0,207.0,215.0
8,681,757,59,39,0.09,108,201.0221198156682,192.0,201.0,208.0
8,786,755,58,39,0.09,108,202.32637571157494,194.0,202.0,209.0
8,910,761,62,39,0.09,108,195.82347826086956,189.0,195.0,201.0
1,380,91,75,50,0.09,117,176.2451317296678,171.0,176.0,180.0
1,506,89,68,47,0.17,117,180.83873190902827,176.0,182.0,185.0
1,649,86,62,43,0.15,117,169.0,165.0,169.0,172.0
1,786,84,60,44,0.17,117,171.74294923448832,168.0,172.0,175.0
1,904,87,63,45,0.15,117,168.2599704579025,164.0,168.0,171.0
1,1033,83,62,42,0.0,117,167.35274542429283,164.0,168.0,170.0
2,366,188,75,48,0.07,117,183.8057757644394,180.0,183.0,187.0
2,509,187,73,49,0.15,117,195.1796966161027,187.0,195.0,202.0
2,636,186,69,47,0.13,117,183.5574603174603,181.0,183.0,186.0
2,787,180,67,46,0.15,117,192.33713901947615,188.0,192.0,197.0
2,929,176,67,45,0.13,117,178.7446068197634,170.0,177.0,186.0
2,1045,181,65,41,0.0,117,175.59138187221396,169.0,175.0,181.0
3,369,288,77,49,0.08,117,188.11556064073227,182.0,189.0,192.0
3,504,286,74,49,0.14,117,197.81580510992276,189.0,198.0,204.0
3,644,292,72,50,0.13,117,183.8227923627685,177.0,183.0,189.0
3,785,278,69,47,0.14,117,196.71007853403142,188.0,196.0,203.0
3,917,274,68,45,0.13,117,186.2683923705722,182.0,186.0,190.0
4,369,384,81,52,0.07,117,190.16501976284584,183.0,190.0,195.0
4,505,380,74,48,0.13,117,183.85850746268656,177.0,183.0,188.0
4,648,380,72,47,0.12,117,194.53922174181594,187.0,195.0,201.0
4,788,375,71,47,0.13,117,196.14276768941767,187.0,196.0,202.0
4,926,378,69,47,0.12,117,185.65211970074813,181.0,186.0,189.0
5,375,486,78,49,0.07,117,186.69747416762343,176.0,188.0,194.0
5,504,483,76,49,0.12,117,191.7320224719101,185.0,191.0,197.0
5,649,473,74,49,0.11,117,196.22932551319647,190.0,196.0,201.0
5,794,470,71,47,0.12,117,191.0834938985228,186.0,191.0,196.0
5,935,472,70,46,0.11,117,182.34816247582205,177.0,182.0,186.0
6,372,576,80,50,0.06,117,185.66439433665442,180.0,187.0,189.0
6,508,577,75,51,0.11,117,191.36941580756013,184.0,191.0,198.0
6,648,571,72,47,0.1,117,191.2658536585366,183.0,191.0,197.0
6,784,573,70,48,0.11,117,192.8806818181818,186.0,193.0,198.0
6,932,570,70,45,0.1,117,183.2261208576998,179.0,183.0,187.0
7,385,674,78,51,0.07,117,184.34122712594188,180.0,184.0,188.0
7,529,669,73,48,0.1,117,200.86006191950463,191.0,202.0,208.0
7,652,663,68,46,0.1,117,212.83750846310087,205.0,213.0,219.0
7,787,666,68,44,0.1,117,205.8169798190675,199.0,206.0,211.0
7,931,668,67,45,0.1,117,199.2150997150997,194.0,199.0,204.0
8,411,767,78,49,0.06,117,195.19235364396656,188.0,196.0,201.0
8,546,760,65,42,0.09,117,206.8312693498452,199.0,207.0,213.0
8,681,757,59,39,0.09,117,197.56158088235293,189.0,197.0,204.0
8,786,755,58,39,0.09,117,198.88997078870497,190.0,199.0,206.0
8,910,761,62,39,0.09,117,194.58767361111111,188.0,195.0,200.0
1,380,91,75,50,0.09,126,173.7661334804192,167.0,174.0,179.0
1,506,89,68,47,0.17,126,181.1839592616168,176.0,182.0,184.0
1,649,86,62,44,0.15,126,169.9976580796253,165.0,170.0,174.0
1,786,84,60,44,0.17,126,169.59348914858097,165.0,170.0,174.0
1,904,87,63,45,0.15,126,167.401766004415,163.0,168.0,170.0
1,1033,83,62,42,0.0,126,165.19646968534153,162.0,165.0,168.0
2,365,188,76,48,0.07,126,180.66295427901525,175.0,182.0,184.0
2,509,187,72,49,0.15,126,194.88869047619048,187.0,195.0,202.0
2,636,186,69,47,0.13,126,186.25446428571428,182.0,186.0,190.0
2,787,180,67,46,0.15,126,193.18596955658504,187.0,194.0,198.0
2,929,176,67,45,0.13,126,177.06167706167707,169.0,176.0,183.0
2,1045,181,66,41,0.0,126,175.46940298507462,167.0,175.0,181.0
3,369,288,77,49,0.08,126,184.59477866061295,177.0,185.0,190.0
3,503,286,75,48,0.14,126,198.28605769230768,189.0,198.0,206.0
3,644,292,72,50,0.13,126,184.1964705882353,176.0,184.0,190.0
3,785,278,69,47,0.14,126,196.9074686054197,188.0,197.0,204.0
3,917,274,68,45,0.13,126,186.33310719131615,182.0,186.0,190.0
4,369,384,81,52,0.07,126,186.22884012539186,178.0,186.0,193.0
4,505,380,74,48,0.13,126,184.17636786961583,177.0,184.0,189.0
4,648,380,72,47,0.12,126,195.4780252859723,187.0,195.0,202.0
4,788,375,71,47,0.13,126,195.87412587412587,188.0,196.0,202.0
4,926,378,69,47,0.12,126,184.02176781002638,179.0,184.0,188.0
5,375,486,78,49,0.07,126,184.59166666666667,174.0,186.0,191.0
5,504,483,76,49,0.12,126,191.4913594470046,183.0,192.0,197.0
5,649,473,74,49,0.11,126,196.06904906117504,189.0,196.0,202.0
5,794,470,71,47,0.12,126,190.5206611570248,185.0,190.0,195.0
5,935,472,70,46,0.11,126,180.15779345734444,175.0,180.0,184.0
6,372,576,80,50,0.06,126,184.76902607770091,178.0,186.0,188.0
6,508,577,75,51,0.11,126,191.22346996069624,183.0,191.0,198.0
6,648,571,72,47,0.1,126,191.2173913043478,182.0,191.0,197.0
6,784,573,70,48,0.11,126,192.6730888750777,186.0,192.0,198.0
6,932,570,70,45,0.1,126,179.96589446589448,175.0,180.0,183.0
7,385,674,78,51,0.07,126,183.85864424592748,177.0,184.0,188.0
7,529,669,73,48,0.1,126,201.4436137071651,190.0,201.0,209.0
7,652,663,68,46,0.1,126,212.95511049723757,205.0,213.0,219.0
7,787,666,68,44,0.1,126,205.71159217877096,200.0,206.0,210.0
7,931,669,67,44,0.1,126,196.50746268656715,190.0,197.0,201.0
8,411,767,78,49,0.06,126,192.116515232496,185.0,193.0,196.0
8,546,760,65,42,0.09,126,204.35201262825572,196.0,203.0,212.0
8,681,757,59,38,0.09,126,195.59235668789808,187.0,195.0,202.0
8,786,755,58,39,0.09,126,196.97214484679665,189.0,196.0,203.0
8,910,761,62,39,0.09,126,189.9701754385965,184.0,189.0,195.0
1,380,91,75,50,0.09,135,177.0693231441048,172.0,177.0,181.0
1,506,89,68,47,0.17,135,182.10495436766624,178.0,181.0,187.0
1,649,86,62,43,0.15,135,170.36209439528022,166.0,171.0,173.0
1,786,84,60,44,0.17,135,172.83333333333334,168.0,173.0,175.0
1,904,87,63,45,0.15,135,171.17328519855596,166.0,172.0,174.0
1,1033,83,62,42,0.0,135,167.57177615571777,164.0,168.0,171.0
2,366,188,75,48,0.07,135,184.247491638796,179.0,184.0,188.0
2,509,187,73,49,0.15,135,196.89316987740807,190.0,196.0,202.0
2,636,186,69,47,0.13,135,184.39304812834226,180.0,184.0,188.0
2,787,180,67,46,0.15,135,193.52547981469226,188.0,194.0,197.0
2,929,176,67,45,0.13,135,179.43892339544513,172.0,179.0,187.0
2,1045,181,65,41,0.0,135,175.7390625,169.0,175.0,180.0
3,369,288,77,49,0.08,135,188.84834398605463,181.0,189.0,194.0
3,503,286,75,49,0.14,135,199.47027027027028,192.0,199.0,205.0
3,644,292,72,50,0.13,135,184.81802325581396,177.0,185.0,191.0
3,785,278,69,47,0.14,135,198.14142091152814,190.0,198.0,205.0
3,917,274,68,45,0.13,135,187.32439678284183,182.0,187.0,191.0
4,369,384,81,52,0.07,135,190.22044088176352,183.0,190.0,195.0
4,505,380,74,48,0.13,135,183.36776859504133,177.0,183.0,189.0
4,648,380,72,47,0.12,135,195.53617810760667,187.0,195.0,202.0
4,788,375,71,46,0.13,135,196.97869593285992,189.0,197.0,204.0
4,926,378,69,47,0.12,135,186.28753351206436,181.0,187.0,190.0
5,375,486,78,49,0.07,135,187.66245883644348,178.0,189.0,194.0
5,504,483,76,49,0.12,135,192.66930917327292,186.0,193.0,198.0
5,649,473,74,49,0.11,135,196.48798076923077,191.0,197.0,201.0
5,794,470,71,47,0.12,135,192.49148264984228,187.0,193.0,198.0
5,935,472,70,46,0.11,135,181.79686479425212,176.0,181.0,186.0
6,372,576,80,50,0.06,135,187.3674418604651,180.0,188.0,192.0
6,508,577,75,51,0.11,135,193.25247524752476,186.0,193.0,199.0
6,648,571,72,47,0.1,135,191.90067859346084,184.0,192.0,198.0
6,784,573,70,48,0.11,135,193.65179132620992,187.0,194.0,199.0
6,932,570,70,45,0.1,135,182.24762550881954,177.0,182.0,186.0
7,385,674,78,51,0.07,135,186.28650749583565,181.0,187.0,191.0
7,530,669,72,48,0.1,135,202.09570552147238,193.0,202.0,209.0
7,652,663,68,46,0.1,135,214.7922261484099,206.0,215.0,221.0
7,787,666,68,44,0.1,135,205.76522929500342,200.0,206.0,211.0
7,931,668,67,45,0.1,135,199.38472418670437,194.0,199.0,204.0
8,411,767,78,49,0.06,135,196.18334264952486,190.0,196.0,200.0
8,546,760,65,42,0.09,135,209.19330289193303,200.0,208.0,217.0
8,681,757,59,39,0.09,135,198.5832549388523,191.0,198.0,205.0
8,787,755,57,39,0.09,135,198.90255439924314,190.0,198.0,206.0
8,910,761,62,39,0.09,135,194.36535162950258,187.0,194.0,200.0
1,380,91,75,50,0.09,144,169.12052505966588,163.0,169.0,174.0
1,506,89,68,47,0.17,144,177.1898976982097,173.0,177.0,180.0
1,649,86,62,43,0.15,144,166.1973791973792,162.0,167.0,169.0
1,786,84,60,43,0.17,144,166.40963855421685,163.0,167.0,169.0
1,904,87,63,45,0.15,144,163.94306049822063,161.0,164.0,167.0
1,1033,83,62,42,0.0,144,160.65328185328184,156.0,162.0,162.0
2,366,188,75,48,0.07,144,176.04648526077096,170.0,176.0,180.0
2,509,187,72,49,0.15,144,190.42222222222222,183.0,190.0,196.0
2,636,186,69,47,0.13,144,180.00338753387533,175.0,180.0,184.0
2,787,180,67,46,0.15,144,188.53211678832116,183.0,188.0,194.0
2,929,176,67,45,0.13,144,172.1537926235212,164.0,172.0,179.0
2,1045,181,65,41,0.0,144,171.03363914373088,163.0,171.0,176.0
3,369,288,77,49,0.08,144,180.67345783814375,172.0,182.0,186.0
3,503,286,75,49,0.14,144,194.38120567375887,186.0,195.0,201.0
3,644,292,72,50,0.13,144,178.6143470263642,171.0,178.0,186.0
3,785,278,69,47,0.14,144,192.20559531554977,184.0,191.0,199.0
3,917,274,69,46,0.13,144,182.1198606271777,177.0,182.0,186.0
4,369,384,81,52,0.07,144,181.50175262894342,175.0,181.0,187.0
4,505,380,73,48,0.13,144,177.64991023339317,170.0,177.0,183.0
4,648,380,72,47,0.12,144,190.3700980392157,182.0,190.0,197.0
4,788,375,71,47,0.13,144,191.2315369261477,184.0,191.0,198.0
4,926,378,69,47,0.12,144,180.08117099135063,175.0,181.0,183.0
5,375,486,78,49,0.07,144,179.68298235628913,169.0,181.0,186.0
5,504,483,76,49,0.12,144,186.42108262108263,181.0,187.0,192.0
5,649,473,74,49,0.11,144,190.37627934978929,184.0,190.0,195.0
5,794,470,71,46,0.12,144,185.6479949077021,181.0,186.0,190.0
5,935,472,70,46,0.11,144,174.8215223097113,169.0,175.0,179.0
6,372,576,80,50,0.06,144,180.02142110762802,174.0,181.0,184.0
6,508,577,75,51,0.11,144,186.91335941866964,179.0,187.0,193.0
6,648,571,72,47,0.1,144,186.01832620647525,177.0,186.0,192.0
6,784,573,70,48,0.11,144,188.32755417956656,182.0,188.0,194.0
6,932,570,70,45,0.1,144,175.53489932885907,170.0,175.0,179.0
7,385,674,78,51,0.07,144,179.02975885069267,173.0,179.0,183.0
7,530,669,72,48,0.1,144,195.44437577255871,186.0,195.0,203.0
7,652,663,68,46,0.1,144,209.22337482710927,202.0,209.0,215.0
7,787,666,68,45,0.1,144,201.52875952875954,196.0,201.0,207.0
7,931,669,67,44,0.1,144,193.28511821974965,188.0,193.0,198.0
8,411,767,78,49,0.06,144,187.1012658227848,181.0,187.0,191.0
8,546,760,65,42,0.09,144,199.343797856049,191.0,199.0,206.0
8,681,756,59,39,0.09,144,191.41078066914497,182.0,191.0,199.0
8,786,755,58,39,0.09,144,194.97390493942217,188.0,195.0,202.0
8,910,761,62,39,0.09,144,187.49265341400172,182.0,187.0,193.0
1,380,91,75,50,0.09,153,171.11610700056914,165.0,172.0,175.0
1,506,89,68,47,0.17,153,178.78037974683545,174.0,179.0,182.0
1,649,86,62,43,0.15,153,167.6128526645768,163.0,168.0,170.0
1,786,84,60,44,0.17,153,168.40474100087798,164.0,169.0,172.0
1,904,87,63,45,0.15,153,167.4731182795699,164.0,167.0,170.0
1,1033,83,62,42,0.0,153,163.96043444530645,160.0,165.0,166.0
2,365,188,76,48,0.07,153,179.5187074829932,174.0,180.0,183.0
2,509,187,73,49,0.15,153,191.89699823425545,184.0,193.0,197.0
2,636,186,69,47,0.13,153,179.56304202801869,175.0,180.0,183.0
2,787,180,67,46,0.15,153,189.71524966261808,186.0,189.0,194.0
2,929,176,67,45,0.13,153,173.95399858457182,166.0,173.0,181.0
2,1045,181,65,41,0.0,153,171.35126825518833,164.0,172.0,176.0
3,369,288,77,49,0.08,153,183.6848484848485,177.0,184.0,188.0
3,503,286,75,49,0.14,153,195.93542654028437,188.0,196.0,202.0
3,644,292,72,50,0.13,153,180.18516320474777,173.0,180.0,186.0
3,785,278,69,47,0.14,153,194.77998717126363,187.0,194.0,200.0
3,917,274,68,45,0.13,153,182.6538969616909,178.0,182.0,186.0
4,369,384,81,52,0.07,153,184.65854895991882,178.0,185.0,190.0
4,505,380,73,48,0.13,153,177.83469150174622,172.0,178.0,183.0
4,648,380,72,47,0.12,153,191.77935723114956,183.0,192.0,197.0
4,788,375,71,46,0.13,153,193.4852752880922,185.0,194.0,199.0
4,926,378,69,47,0.12,153,181.99472643375083,177.0,181.0,186.0
5,375,486,78,49,0.07,153,182.85002862049228,172.0,185.0,189.0
5,504,483,76,48,0.12,153,188.18596691386196,181.0,188.0,194.0
5,649,473,74,49,0.11,153,191.98200992555832,187.0,193.0,196.0
5,794,470,71,46,0.12,153,187.78535980148882,181.0,187.0,193.0
5,935,472,70,46,0.11,153,177.5731707317073,173.0,178.0,181.0
6,372,576,80,50,0.06,153,182.76927056389033,176.0,183.0,187.0
6,508,578,75,50,0.11,153,188.31614730878186,181.0,188.0,195.0
6,648,571,72,47,0.1,153,186.6144945188794,179.0,187.0,193.0
6,784,573,70,48,0.11,153,189.95545796737767,183.0,190.0,194.0
6,932,570,70,45,0.1,153,177.22265625,173.0,177.0,181.0
7,385,674,78,51,0.07,153,182.03894736842105,176.0,182.0,186.0
7,529,669,73,48,0.1,153,198.459324155194,189.0,199.0,205.0
7,652,663,68,46,0.1,153,210.59697386519946,202.0,211.0,217.0
7,786,666,69,44,0.1,153,202.5487144790257,197.0,202.0,207.0
7,931,668,67,45,0.1,153,196.06803685329552,190.0,196.0,200.0
8,411,767,78,49,0.06,153,190.93246311010216,185.0,192.0,195.0
8,546,760,65,42,0.09,153,203.78341013824885,195.0,203.0,211.0
8,681,756,59,40,0.09,153,192.92037037037036,184.0,193.0,199.0
8,786,755,58,39,0.09,153,196.1942857142857,188.0,195.0,202.0
8,910,761,62,39,0.09,153,190.65151515151516,185.0,190.0,196.0
1,380,91,75,50,0.09,162,170.20413870246085,164.0,171.0,174.0
1,506,89,68,47,0.17,162,178.51881188118813,174.0,179.0,182.0
1,649,86,62,43,0.15,162,166.76332288401255,162.0,167.0,170.0
1,786,84,61,44,0.17,162,168.80715396578537,164.0,169.0,172.0
1,904,87,63,45,0.15,162,162.89970059880238,159.0,163.0,166.0
1,1033,83,62,42,0.0,162,158.51239669421489,155.0,159.0,161.0
2,366,188,75,48,0.07,162,176.17118155619596,172.0,176.0,180.0
2,509,187,73,49,0.15,162,192.87306317044101,185.0,193.0,199.0
2,636,186,69,47,0.13,162,179.65572715572716,175.0,180.0,184.0
2,787,180,67,46,0.15,162,190.76762037683181,185.0,191.0,195.0
2,929,176,67,44,0.13,162,170.82160278745644,163.0,170.0,177.0
2,1045,181,65,41,0.0,162,169.75094055680964,162.0,171.0,174.0
3,369,288,77,49,0.08,162,180.84722222222223,174.0,182.0,186.0
3,503,286,75,49,0.14,162,195.64323685764916,188.0,196.0,202.0
3,644,292,72,50,0.13,162,179.58960887332165,172.0,179.0,186.0
3,785,278,69,47,0.14,162,193.77331606217618,186.0,194.0,200.0
3,917,274,68,45,0.13,162,181.34466666666665,177.0,181.0,185.0
4,369,384,81,52,0.07,162,182.41646008924144,175.0,182.0,187.0
4,505,380,73,48,0.13,162,176.56209150326796,170.0,176.0,182.0
4,648,380,72,47,0.12,162,191.66771752837326,183.0,191.0,198.0
4,788,375,71,47,0.13,162,193.03305249513934,186.0,193.0,199.0
4,926,378,69,47,0.12,162,180.80880420499344,175.0,180.0,184.0
5,375,486,78,49,0.07,162,179.1455525606469,171.0,181.0,187.0
5,504,483,76,49,0.12,162,187.49942396313364,180.0,187.0,193.0
5,649,473,74,49,0.11,162,191.78937381404174,186.0,193.0,196.0
5,794,470,71,47,0.12,162,186.43237971391417,180.0,186.0,192.0
5,935,472,70,46,0.11,162,175.43709468223088,171.0,175.0,180.0
6,372,576,80,50,0.06,162,179.67708333333334,173.0,180.0,184.0
6,508,578,75,50,0.11,162,187.37793024585477,180.0,187.0,193.0
6,648,571,72,47,0.1,162,186.38972431077696,178.0,187.0,193.0
6,784,573,70,48,0.11,162,188.9956057752668,183.0,188.0,194.0
6,932,570,70,45,0.1,162,175.59278350515464,171.0,175.0,180.0
7,385,674,78,51,0.07,162,178.38586387434555,173.0,179.0,182.0
7,529,669,73,48,0.1,162,196.3386211104332,187.0,196.0,203.0
7,652,663,68,46,0.1,162,211.03637611530542,202.0,211.0,217.0
7,787,666,68,45,0.1,162,202.19405099150143,196.0,201.0,207.0
7,931,668,67,45,0.1,162,195.40886347390995,189.0,195.0,200.0
8,411,767,78,49,0.06,162,187.92454954954954,181.0,188.0,192.0
8,546,760,65,42,0.09,162,202.4547600314713,195.0,202.0,209.0
8,681,756,59,40,0.09,162,191.7697907188353,181.0,193.0,198.0
8,786,755,58,39,0.09,162,195.72937905468027,188.0,195.0,202.0
8,910,761,62,39,0.09,162,187.3881636205396,181.0,187.0,192.0
1,380,91,75,50,0.09,171,170.31684269038354,164.0,171.0,175.0
1,506,89,68,47,0.17,171,179.7513774104683,176.0,179.0,184.0
1,649,86,62,44,0.15,171,167.34706331045004,162.0,168.0,171.0
1,786,84,60,44,0.17,171,169.29170090386197,165.0,170.0,173.0
1,904,87,63,45,0.15,171,169.13053613053614,164.0,170.0,172.0
1,1033,83,62,42,0.0,171,163.23880597014926,159.0,163.0,167.0
2,366,188,75,48,0.07,171,177.99277376320177,173.0,178.0,181.0
2,509,187,73,49,0.15,171,193.36524822695034,186.0,192.0,199.0
2,636,186,69,47,0.13,171,179.59225213394615,176.0,179.0,183.0
2,787,180,67,46,0.15,171,190.91353887399464,186.0,191.0,195.0
2,929,176,67,45,0.13,171,174.71398601398602,165.0,173.0,182.0
2,1045,181,66,41,0.0,171,171.53504144687264,163.0,171.0,178.0
3,369,288,77,49,0.08,171,183.2805208898535,176.0,184.0,187.0
3,503,286,75,49,0.14,171,197.08680142687277,189.0,197.0,203.0
3,644,292,72,50,0.13,171,180.59305210918114,173.0,180.0,186.0
3,785,278,69,47,0.14,171,195.97093023255815,188.0,195.0,203.0
3,917,274,68,45,0.13,171,184.4872521246459,179.0,185.0,188.0
4,369,384,81,52,0.07,171,183.76358839050133,177.0,184.0,191.0
4,505,380,74,48,0.13,171,176.78919860627178,171.0,177.0,182.0
4,648,380,72,47,0.12,171,192.05298013245033,184.0,192.0,199.0
4,788,375,71,47,0.13,171,194.83476536682087,188.0,195.0,201.0
4,926,378,69,47,0.12,171,182.88338762214983,178.0,183.0,187.0
5,375,486,78,49,0.07,171,183.69555170421722,174.0,185.0,191.0
5,504,483,76,49,0.12,171,189.24366359447004,183.0,189.0,195.0
5,649,473,74,49,0.11,171,191.87063778580023,185.0,192.0,196.0
5,794,470,71,47,0.12,171,188.14698331193838,183.0,187.0,193.0
5,935,472,70,46,0.11,171,178.03086816720258,172.0,178.0,182.0
6,372,576,80,50,0.06,171,183.84044233807268,178.0,185.0,188.0
6,508,577,75,51,0.11,171,190.41143180531975,183.0,191.0,196.0
6,649,571,71,47,0.1,171,185.22072348252607,178.0,185.0,192.0
6,784,573,70,48,0.11,171,188.92909987669543,182.0,189.0,195.0
6,932,570,70,45,0.1,171,176.85881542699724,172.0,177.0,180.0
7,385,674,78,51,0.07,171,183.40805223068554,178.0,184.0,188.0
7,529,669,73,48,0.1,171,200.0747198007472,190.0,200.0,207.0
7,652,663,68,46,0.1,171,211.95977808599167,204.0,212.0,218.0
7,787,666,68,45,0.1,171,202.04628330995791,197.0,201.0,206.0
7,931,669,67,44,0.1,171,196.26590421729807,191.0,196.0,201.0
8,411,767,78,49,0.06,171,192.21650055370986,186.0,192.0,197.0
8,546,760,65,42,0.09,171,205.66306861989207,196.0,206.0,213.0
8,681,757,59,38,0.09,171,192.9733455882353,184.0,193.0,200.0
8,786,755,58,39,0.09,171,196.15769593956563,188.0,195.0,203.0
8,910,761,62,39,0.09,171,189.14432109308282,183.0,189.0,194.0
1,380,91,75,50,0.09,18,187.11791642816257,182.0,188.0,191.0
1,506,89,68,47,0.17,18,186.61410256410255,182.0,187.0,189.0
1,649,86,62,43,0.15,18,178.02379182156133,174.0,178.0,181.0
1,786,84,60,44,0.17,18,175.55529037390613,171.0,176.0,179.0
1,904,87,63,45,0.15,18,175.3941818181818,171.0,176.0,178.0
1,1033,83,62,42,0.0,18,180.84064665127022,176.0,182.0,183.0
2,365,188,76,48,0.07,18,195.68757126567846,191.0,196.0,199.0
2,509,188,73,48,0.15,18,200.51421938479396,193.0,201.0,207.0
2,636,186,69,47,0.13,18,198.26129666011786,195.0,198.0,202.0
2,787,180,67,46,0.15,18,198.59959893048128,194.0,198.0,203.0
2,929,176,67,45,0.13,18,191.44701754385966,183.0,191.0,198.0
2,1045,181,66,41,0.0,18,191.09429657794678,183.0,192.0,196.0
3,369,288,77,50,0.08,18,199.6434494195688,192.0,201.0,205.0
3,503,286,75,49,0.14,18,203.96596244131456,195.0,204.0,210.0
3,644,292,72,50,0.13,18,193.13082437275986,185.0,193.0,200.0
3,785,278,69,47,0.14,18,201.78341013824885,194.0,202.0,208.0
3,917,274,68,45,0.13,18,196.71914609739827,192.0,197.0,200.0
4,369,384,81,52,0.07,18,202.36461388074292,195.0,202.0,208.0
4,504,380,75,48,0.13,18,202.9802210587551,196.0,203.0,209.0
4,648,380,72,47,0.12,18,203.15520389531346,195.0,203.0,210.0
4,788,375,71,47,0.13,18,201.3254324151185,194.0,201.0,208.0
4,926,378,69,47,0.12,18,193.4007807417046,189.0,194.0,197.0
5,375,486,78,49,0.07,18,195.88986301369863,186.0,197.0,202.0
5,504,483,76,49,0.12,18,201.02434881087203,195.0,201.0,207.0
5,649,473,74,49,0.11,18,207.49081209247186,201.0,207.0,212.0
5,794,470,71,47,0.12,18,201.274213836478,195.0,201.0,206.0
5,935,472,70,46,0.11,18,192.40733464309102,187.0,192.0,196.0
6,372,576,80,50,0.06,18,197.21726041144004,190.0,198.0,201.0
6,508,578,75,50,0.11,18,200.88215859030836,193.0,201.0,207.0
6,648,571,72,48,0.1,18,205.6969887076537,197.0,206.0,212.0
6,784,573,70,48,0.11,18,202.98485804416404,197.0,202.0,208.0
6,932,570,70,45,0.1,18,195.51882272416154,191.0,195.0,199.0
7,385,674,78,51,0.07,18,195.2135135135135,189.0,196.0,200.0
7,529,669,73,48,0.1,18,206.75830258302582,198.0,207.0,214.0
7,652,663,68,46,0.1,18,216.04722792607802,209.0,216.0,222.0
7,787,666,68,45,0.1,18,213.71061762664817,209.0,213.0,219.0
7,931,669,67,44,0.1,18,201.668085106383,196.0,201.0,206.0
8,411,767,78,49,0.06,18,204.94338565022423,198.0,206.0,209.0
8,546,760,65,42,0.09,18,210.86793893129772,203.0,210.0,218.0
8,681,756,59,40,0.09,18,208.5702479338843,200.0,209.0,215.0
8,786,755,58,39,0.09,18,208.1542750929368,201.0,207.0,214.0
8,910,761,62,39,0.09,18,205.9895287958115,200.0,206.0,211.0
1,380,91,75,50,0.09,180,170.16864608076008,164.0,171.0,174.0
1,506,89,68,47,0.17,180,180.04737183646984,176.0,180.0,184.0
1,649,86,62,43,0.15,180,168.95932463545662,164.0,170.0,172.0
1,786,84,61,44,0.17,180,169.75020080321286,165.0,171.0,173.0
1,904,87,63,45,0.15,180,164.8185104844541,161.0,164.0,169.0
1,1033,83,62,42,0.0,180,157.61859732072497,155.0,157.0,161.0
2,366,188,75,48,0.07,180,176.60871995528228,172.0,177.0,180.0
2,509,187,73,49,0.15,180,194.10404280618312,186.0,194.0,200.0
2,636,186,69,47,0.13,180,179.74358974358975,174.0,179.0,184.0
2,787,180,67,46,0.15,180,191.67043048694424,186.0,192.0,196.0
2,929,176,67,44,0.13,180,171.31527777777777,163.0,171.0,178.0
2,1045,181,65,41,0.0,180,168.41601866251943,160.0,170.0,172.0
3,369,288,77,49,0.08,180,181.61647727272728,175.0,183.0,185.0
3,503,286,75,49,0.14,180,197.4568709101725,190.0,198.0,204.0
3,644,292,72,50,0.13,180,180.10834813499113,172.0,179.0,186.0
3,785,278,69,47,0.14,180,195.01418439716312,187.0,194.0,201.0
3,917,274,68,45,0.13,180,182.10013531799729,178.0,182.0,186.0
4,370,384,80,52,0.07,180,181.74375955170657,175.0,182.0,187.0
4,505,380,73,48,0.13,180,175.4192972007147,170.0,176.0,181.0
4,648,380,72,47,0.12,180,192.15379901960785,184.0,192.0,199.0
4,788,375,71,47,0.13,180,194.33185560481317,186.0,194.0,200.0
4,926,378,69,47,0.12,180,180.89717223650385,177.0,180.0,185.0
5,375,486,78,49,0.07,180,180.18217934165722,170.0,182.0,185.0
5,504,483,76,49,0.12,180,187.76042841037204,180.0,187.0,194.0
5,649,473,74,49,0.11,180,191.82467532467533,186.0,192.0,196.0
5,794,470,71,47,0.12,180,187.27101631116687,182.0,186.0,192.0
5,935,472,70,46,0.11,180,176.09768637532133,171.0,176.0,180.0
6,372,576,80,50,0.06,180,178.7416909620991,172.0,179.0,184.0
6,508,577,75,51,0.11,180,187.47835738068812,179.0,187.0,194.0
6,648,571,72,47,0.1,180,185.48507462686567,177.0,185.0,192.0
6,784,573,69,48,0.11,180,190.44895370957514,184.0,191.0,196.0
6,932,570,69,45,0.1,180,175.77094240837695,171.0,176.0,179.0
7,385,674,78,51,0.07,180,178.57053941908714,173.0,178.0,182.0
7,530,669,72,48,0.1,180,196.4204322200393,186.0,198.0,204.0
7,652,663,68,46,0.1,180,213.1600817438692,206.0,213.0,218.0
7,786,666,69,45,0.1,180,204.7699564586357,199.0,205.0,210.0
7,931,668,67,45,0.1,180,197.81593794076164,191.0,198.0,203.0
8,411,767,78,49,0.06,180,187.94927536231884,180.0,189.0,192.0
8,546,760,65,42,0.09,180,202.2312,195.0,202.0,210.0
8,681,757,59,39,0.09,180,192.69202226345084,184.0,193.0,199.0
8,786,755,58,39,0.09,180,198.8720152817574,191.0,199.0,206.0
8,910,761,62,39,0.09,180,189.1396551724138,183.0,189.0,195.0
1,380,91,75,50,0.09,189,165.61274804570053,159.0,166.0,171.0
1,506,89,68,47,0.17,189,176.57362355953904,171.0,176.0,181.0
1,649,86,62,43,0.15,189,164.77358490566039,160.0,165.0,169.0
1,786,84,60,44,0.17,189,165.628125,160.0,165.0,171.0
1,904,87,63,45,0.15,189,164.28238944918542,159.0,164.0,169.0
1,1033,83,62,42,0.0,189,159.21819713563605,156.0,160.0,162.0
2,365,188,76,48,0.07,189,172.5571166768479,168.0,173.0,177.0
2,509,187,73,49,0.15,189,189.16371158392434,181.0,190.0,195.0
2,636,186,69,47,0.13,189,175.19663299663299,171.0,175.0,178.0
2,787,180,67,46,0.15,189,186.38346984363366,183.0,186.0,191.0
2,929,176,67,45,0.13,189,169.2897130860742,161.0,170.0,177.0
2,1045,181,65,41,0.0,189,168.40790454884416,160.0,170.0,173.0
3,369,288,77,49,0.08,189,178.28741800834825,171.0,179.0,184.0
3,503,286,75,48,0.14,189,193.65453460620526,186.0,194.0,200.0
3,644,292,72,50,0.13,189,176.53818400481057,171.0,177.0,182.0
3,785,278,69,47,0.14,189,192.1012574454004,184.0,192.0,198.0
3,917,274,68,45,0.13,189,179.9595667870036,176.0,180.0,184.0
4,369,384,81,52,0.07,189,179.23431372549018,172.0,178.0,185.0
4,505,380,73,48,0.13,189,171.28,163.0,171.0,177.0
4,648,380,72,47,0.12,189,187.33555825242718,179.0,186.0,194.0
4,788,375,71,47,0.13,189,191.19527760051054,184.0,191.0,197.0
4,926,378,69,47,0.12,189,179.35890593729152,174.0,179.0,183.0
5,375,486,78,49,0.07,189,179.00452232899943,169.0,180.0,185.0
5,504,483,76,49,0.12,189,184.44980800877673,178.0,184.0,190.0
5,649,473,74,49,0.11,189,187.61594643944005,183.0,187.0,192.0
5,794,470,71,46,0.12,189,184.0043997485858,177.0,184.0,189.0
5,935,472,70,46,0.11,189,173.14173228346456,168.0,172.0,178.0
6,372,576,80,50,0.06,189,178.80446927374302,172.0,179.0,184.0
6,508,577,75,51,0.11,189,185.3125,177.0,185.0,191.0
6,648,571,72,47,0.1,189,180.4641975308642,172.0,180.0,187.0
6,784,573,70,48,0.11,189,185.2614819350888,179.0,185.0,191.0
6,932,570,70,45,0.1,189,171.81403044341496,167.0,172.0,176.0
7,385,674,78,51,0.07,189,179.15500538213132,173.0,179.0,183.0
7,529,669,73,48,0.1,189,196.16248506571088,186.0,196.0,203.0
7,652,663,68,46,0.1,189,208.64399421128797,200.0,208.0,215.0
7,786,666,69,44,0.1,189,198.34277816171388,192.0,198.0,203.0
7,931,668,67,45,0.1,189,193.26812104152006,187.0,193.0,198.0
8,411,767,78,49,0.06,189,186.15375302663438,181.0,186.0,191.0
8,546,760,65,42,0.09,189,201.03870458135862,193.0,200.0,208.0
8,681,756,59,39,0.09,189,189.44340505144996,181.0,189.0,197.0
8,786,755,58,39,0.09,189,192.86037735849055,185.0,192.0,199.0
8,910,761,62,39,0.09,189,184.93100436681223,178.0,185.0,190.0
1,380,91,75,49,0.09,198,169.0807248764415,164.0,169.0,173.0
1,506,89,68,47,0.17,198,181.4512987012987,176.0,183.0,184.0
1,649,86,62,43,0.15,198,168.49577897160398,163.0,169.0,171.0
1,786,84,61,44,0.17,198,171.36913285600636,168.0,171.0,174.0
1,904,87,63,45,0.15,198,165.82357414448668,162.0,166.0,169.0
1,1033,83,62,42,0.0,198,159.56349206349208,156.0,160.0,161.0
2,366,188,75,48,0.07,198,175.04991491775382,170.0,175.0,178.0
2,509,187,73,49,0.15,198,195.13473053892216,187.0,195.0,202.0
2,636,186,69,47,0.13,198,180.49418604651163,175.0,180.0,184.0
2,787,180,67,46,0.15,198,193.00945945945946,188.0,192.0,197.0
2,929,176,67,44,0.13,198,171.07556497175142,164.0,170.0,178.0
2,1045,181,65,41,0.0,198,167.8671041837572,161.0,168.0,174.0
3,369,288,77,49,0.08,198,180.94141531322506,173.0,183.0,185.0
3,503,286,75,49,0.14,198,198.67476303317537,190.0,199.0,205.0
3,644,292,72,49,0.13,198,180.65473300970874,172.0,181.0,187.0
3,785,278,69,47,0.14,198,197.31675392670158,190.0,196.0,204.0
3,917,274,68,45,0.13,198,182.7238434163701,177.0,183.0,187.0
4,370,384,80,52,0.07,198,181.54008853910477,174.0,182.0,187.0
4,505,380,73,48,0.13,198,174.49155609167673,168.0,174.0,180.0
4,648,380,72,47,0.12,198,192.93033033033032,184.0,192.0,199.0
4,788,375,71,47,0.13,198,195.6801261829653,188.0,196.0,202.0
4,926,378,69,47,0.12,198,182.03059895833334,176.0,183.0,185.0
5,375,486,78,49,0.07,198,181.2014348785872,171.0,183.0,187.0
5,504,483,76,49,0.12,198,188.50167410714286,183.0,189.0,194.0
5,649,473,74,49,0.11,198,192.35248354278875,186.0,192.0,197.0
5,794,470,71,46,0.12,198,187.8372093023256,182.0,188.0,192.0
5,935,472,70,46,0.11,198,176.15847347994824,170.0,175.0,181.0
6,372,576,80,50,0.06,198,179.93392763502885,173.0,181.0,184.0
6,508,577,75,51,0.11,198,188.74827586206897,181.0,189.0,195.0
6,648,571,72,47,0.1,198,185.66044776119404,177.0,185.0,192.0
6,784,573,70,48,0.11,198,190.93269230769232,184.0,190.0,196.0
6,932,570,69,45,0.1,198,174.3965170797053,169.0,175.0,178.0
7,385,674,78,51,0.07,198,178.90784201488265,174.0,179.0,183.0
7,530,669,72,48,0.1,198,199.07337780473014,189.0,198.0,206.0
7,652,663,68,46,0.1,198,214.9902097902098,207.0,214.0,221.0
7,786,666,69,45,0.1,198,205.79207920792078,199.0,205.0,212.0
7,931,668,67,45,0.1,198,198.6315406976744,191.0,198.0,205.0
8,411,767,78,49,0.06,198,188.92798240791643,182.0,190.0,193.0
8,546,760,65,42,0.09,198,205.90742157612854,197.0,205.0,212.0
8,681,756,59,40,0.09,198,193.50092421441775,185.0,194.0,201.0
8,786,755,58,39,0.09,198,198.33428571428573,190.0,197.0,205.0
8,910,761,62,39,0.09,198,189.3924825174825,184.0,190.0,194.0
1,380,91,75,50,0.09,207,166.82021217197098,161.0,167.0,172.0
1,506,89,68,47,0.17,207,177.90078843626807,173.0,177.0,183.0
1,649,86,62,43,0.15,207,165.26384615384615,161.0,165.0,168.0
1,786,84,60,44,0.17,207,167.48458498023714,162.0,168.0,171.0
1,904,87,63,45,0.15,207,163.4658573596358,160.0,163.0,167.0
1,1033,83,62,42,0.0,207,157.4313725490196,154.0,159.0,161.0
2,365,188,76,48,0.07,207,173.1226851851852,168.0,174.0,177.0
2,509,187,72,49,0.15,207,191.77256317689532,184.0,191.0,198.0
2,636,186,69,47,0.13,207,174.0496688741722,169.0,174.0,178.0
2,787,180,67,46,0.15,207,188.7744708994709,183.0,189.0,192.0
2,929,176,67,44,0.13,207,169.1740350877193,161.0,169.0,175.0
2,1045,181,65,41,0.0,207,166.16641452344933,160.0,168.0,170.0
3,369,288,77,49,0.08,207,178.11049416990562,170.0,178.0,184.0
3,503,286,75,49,0.14,207,195.56441363373773,187.0,195.0,203.0
3,644,292,72,50,0.13,207,176.47518610421835,169.0,175.0,183.0
3,785,278,69,47,0.14,207,193.6673126614987,186.0,194.0,200.0
3,917,274,68,45,0.13,207,180.37235543018335,175.0,181.0,184.0
4,369,384,80,52,0.07,207,179.11428571428573,171.0,179.0,185.0
4,505,380,73,48,0.13,207,169.68114217727543,163.0,169.0,175.0
4,648,380,72,47,0.12,207,188.47444377630788,181.0,188.0,195.0
4,788,375,71,47,0.13,207,192.39167208848406,185.0,192.0,199.0
4,926,378,69,47,0.12,207,179.75115511551155,175.0,180.0,184.0
5,375,486,78,49,0.07,207,179.23242630385488,168.0,181.0,186.0
5,504,483,76,49,0.12,207,185.5303899082569,177.0,185.0,191.0
5,649,473,74,49,0.11,207,187.87463556851313,183.0,189.0,191.0
5,794,470,71,47,0.12,207,184.3181522446324,178.0,184.0,190.0
5,935,472,70,46,0.11,207,172.92852459016393,168.0,173.0,177.0
6,372,576,80,50,0.06,207,179.44578313253012,172.0,180.0,184.0
6,508,578,75,50,0.11,207,185.5444759206799,177.0,185.0,192.0
6,648,571,72,47,0.1,207,180.2583850931677,173.0,181.0,186.0
6,784,573,70,48,0.11,207,186.35940409683425,180.0,186.0,191.0
6,932,570,70,45,0.1,207,171.90434782608696,168.0,172.0,175.0
7,385,674,78,51,0.07,207,178.9065670048051,173.0,179.0,183.0
7,530,669,72,48,0.1,207,196.9820987654321,187.0,197.0,205.0
7,652,663,68,46,0.1,207,210.44927536231884,202.0,211.0,217.0
7,787,666,68,44,0.1,207,200.12526096033403,194.0,199.0,205.0
7,931,668,67,45,0.1,207,196.1917211328976,190.0,196.0,202.0
8,411,767,78,49,0.06,207,186.39375684556407,181.0,187.0,190.0
8,546,760,65,42,0.09,207,203.04481132075472,195.0,203.0,211.0
8,681,756,59,39,0.09,207,188.6993583868011,180.0,189.0,195.0
8,786,755,58,39,0.09,207,195.04418828049953,187.0,194.0,203.0
8,910,761,62,39,0.09,207,186.22758620689655,178.0,186.0,192.0
1,380,91,75,50,0.09,216,163.98969072164948,160.0,164.0,168.0
1,506,89,68,47,0.17,216,176.23276450511946,172.0,176.0,181.0
1,649,86,62,43,0.15,216,164.07822808671065,160.0,165.0,168.0
1,786,84,60,44,0.17,216,166.44006436041835,162.0,167.0,170.0
1,904,87,63,45,0.15,216,163.79242174629326,160.0,164.0,167.0
1,1033,83,62,42,0.0,216,155.93088363954504,153.0,156.0,159.0
2,366,188,75,48,0.07,216,169.6990005878895,166.0,169.0,173.0
2,509,187,73,49,0.15,216,190.49057714958775,183.0,190.0,196.0
2,636,186,69,47,0.13,216,175.3005148005148,169.0,175.0,179.0
2,787,180,67,46,0.15,216,188.1238095238095,183.0,189.0,192.0
2,929,176,67,44,0.13,216,166.48221906116643,160.0,166.0,173.0
2,1045,181,65,41,0.0,216,164.7968992248062,158.0,166.0,169.0
3,369,288,77,49,0.08,216,176.13884204609332,169.0,176.0,181.0
3,503,286,75,49,0.14,216,194.83206553540083,186.0,194.0,202.0
3,644,292,72,50,0.13,216,176.1769859813084,168.0,175.0,183.0
3,785,278,69,47,0.14,216,192.37308673469389,184.0,192.0,199.0
3,917,274,68,45,0.13,216,177.76933245208195,173.0,177.0,181.0
4,370,384,80,52,0.07,216,175.4587657018023,169.0,175.0,182.0
4,505,380,73,48,0.13,216,168.60897435897436,162.0,168.0,174.0
4,648,380,72,47,0.12,216,188.6630303030303,181.0,188.0,195.0
4,788,375,71,46,0.13,216,191.21597444089457,183.0,191.0,197.0
4,926,378,69,47,0.12,216,176.96108408617096,173.0,177.0,182.0
5,375,486,78,49,0.07,216,176.47359735973598,167.0,178.0,183.0
5,504,483,76,49,0.12,216,183.39619473978735,176.0,183.0,189.0
5,649,473,74,49,0.11,216,187.67564402810305,182.0,189.0,191.0
5,794,470,71,46,0.12,216,182.596547314578,176.0,183.0,188.0
5,935,472,70,46,0.11,216,170.48955613577024,166.0,170.0,175.0
6,372,576,80,50,0.06,216,174.7667714884696,168.0,175.0,180.0
6,508,578,75,50,0.11,216,184.6123348017621,175.0,184.0,191.0
6,648,571,72,47,0.1,216,180.5494923857868,172.0,181.0,187.0
6,784,573,70,48,0.11,216,185.59948979591837,179.0,185.0,190.0
6,932,570,70,45,0.1,216,168.94522378089513,165.0,168.0,173.0
7,385,674,78,51,0.07,216,174.78152654867256,169.0,175.0,179.0
7,529,669,73,48,0.1,216,194.84790874524714,186.0,196.0,203.0
7,652,663,68,46,0.1,216,210.88017118402283,204.0,212.0,217.0
7,787,666,68,45,0.1,216,200.87721788502483,194.0,200.0,206.0
7,931,668,67,45,0.1,216,194.21387696709584,189.0,194.0,199.0
8,411,767,78,49,0.06,216,185.09367816091955,178.0,186.0,190.0
8,546,760,65,42,0.09,216,202.8141660319878,194.0,202.0,210.0
8,681,756,59,39,0.09,216,188.97798165137615,180.0,189.0,196.0
8,786,755,58,39,0.09,216,193.31495327102803,184.0,192.0,200.0
8,910,761,62,39,0.09,216,183.25641025641025,177.0,183.0,188.0
1,380,91,75,50,0.09,225,168.22680995475113,161.0,168.0,173.0
1,506,89,68,48,0.17,225,180.10431893687706,175.0,181.0,184.0
1,649,86,62,43,0.15,225,167.65390625,164.0,168.0,170.0
1,786,84,61,44,0.17,225,168.43807919123842,164.0,169.0,172.0
1,904,87,63,45,0.15,225,164.77729573391179,160.0,166.0,167.0
1,1033,83,62,42,0.0,225,156.7906050955414,153.0,158.0,159.0
2,365,188,76,48,0.07,225,174.16987740805604,168.0,174.0,179.0
2,509,187,73,49,0.15,225,193.7921146953405,185.0,195.0,201.0
2,636,186,69,47,0.13,225,174.0646830530401,170.0,173.0,178.0
2,787,180,67,46,0.15,225,190.4811320754717,186.0,189.0,195.0
2,929,176,67,45,0.13,225,169.64570230607967,163.0,169.0,176.0
2,1045,181,65,41,0.0,225,166.12451361867704,160.0,166.0,171.0
3,369,288,77,49,0.08,225,179.40457589285714,171.0,181.0,185.0
3,503,286,75,49,0.14,225,197.20347826086956,188.0,197.0,203.0
3,644,292,72,50,0.13,225,177.1400730816078,170.0,177.0,183.0
3,785,278,69,47,0.14,225,194.75440888308296,187.0,195.0,201.0
3,917,274,68,45,0.13,225,181.3018354860639,175.0,182.0,185.0
4,369,384,80,52,0.07,225,179.3643292682927,171.0,180.0,186.0
4,505,380,73,48,0.13,225,169.41841955656622,163.0,168.0,175.0
4,648,380,72,47,0.12,225,189.62583790371724,181.0,189.0,197.0
4,788,375,71,47,0.13,225,193.54699738903395,186.0,194.0,200.0
4,926,378,69,47,0.12,225,181.20401757689893,175.0,181.0,185.0
5,375,486,78,49,0.07,225,179.8450292397661,170.0,182.0,187.0
5,504,483,76,49,0.12,225,185.86192952050837,180.0,186.0,191.0
5,649,473,74,49,0.11,225,188.49628712871288,182.0,188.0,194.0
5,794,470,71,47,0.12,225,185.00700636942676,180.0,185.0,190.0
5,935,472,70,46,0.11,225,174.88961892247045,169.0,174.0,180.0
6,372,576,80,50,0.06,225,179.64329580348004,173.0,181.0,183.0
6,508,577,75,51,0.11,225,186.5817142857143,179.0,186.0,193.0
6,649,571,71,47,0.1,225,180.84668335419275,173.0,181.0,187.0
6,784,573,70,48,0.11,225,187.3109954456734,181.0,187.0,194.0
6,932,570,70,45,0.1,225,173.49019607843138,169.0,173.0,177.0
7,385,674,78,51,0.07,225,179.59844155844155,173.0,180.0,183.0
7,530,669,72,48,0.1,225,197.18159357628164,187.0,197.0,205.0
7,652,663,68,46,0.1,225,213.33798882681563,205.0,213.0,220.0
7,787,666,68,44,0.1,225,202.7676008202324,197.0,203.0,208.0
7,931,668,67,45,0.1,225,199.55253752680485,195.0,199.0,204.0
8,411,767,78,49,0.06,225,186.5401098901099,181.0,187.0,190.0
8,546,760,65,42,0.09,225,203.44579226686884,196.0,203.0,211.0
8,681,757,59,38,0.09,225,190.63524976437324,182.0,190.0,197.0
8,786,755,58,39,0.09,225,197.91503267973857,190.0,197.0,204.0
8,910,761,62,39,0.09,225,188.43585237258347,182.0,188.0,194.0
1,380,91,75,50,0.09,27,185.8557268722467,180.0,187.0,190.0
1,506,89,68,48,0.17,27,184.86823222439662,180.0,185.0,188.0
1,649,86,62,43,0.15,27,173.74373484236054,169.0,175.0,177.0
1,786,84,60,44,0.17,27,173.01594896331738,168.0,173.0,176.0
1,904,87,63,45,0.15,27,173.647866955893,168.0,174.0,177.0
1,1033,83,62,42,0.0,27,178.1972049689441,175.0,179.0,181.0
2,365,188,76,48,0.07,27,194.6080229226361,189.0,195.0,199.0
2,509,188,72,48,0.15,27,199.22429906542055,192.0,199.0,206.0
2,636,186,69,47,0.13,27,197.8759842519685,193.0,198.0,201.0
2,787,180,67,46,0.15,27,197.51430472388557,193.0,197.0,201.0
2,929,176,67,45,0.13,27,189.3314724354501,181.0,189.0,196.0
2,1045,181,66,41,0.0,27,188.20614692653672,181.0,188.0,193.0
3,369,288,77,49,0.08,27,197.1140301844606,190.0,198.0,202.0
3,503,286,75,49,0.14,27,202.6514352665495,194.0,203.0,209.0
3,644,292,72,50,0.13,27,193.04961606615475,185.0,192.0,199.0
3,785,279,69,46,0.14,27,202.47330729166666,194.0,202.0,209.0
3,917,274,68,45,0.13,27,194.24623444662737,189.0,194.0,198.0
4,369,384,81,52,0.07,27,200.9934508816121,193.0,201.0,207.0
4,504,380,75,48,0.13,27,201.04176470588234,193.0,200.0,207.0
4,648,380,72,47,0.12,27,203.01343921808186,194.0,203.0,210.0
4,788,375,71,47,0.13,27,201.11962365591398,193.0,201.0,208.0
4,926,378,69,47,0.12,27,191.53003300330033,187.0,192.0,195.0
5,375,486,78,49,0.07,27,194.37919826652222,184.0,196.0,200.0
5,504,483,76,49,0.12,27,200.0393442622951,193.0,200.0,206.0
5,649,473,74,49,0.11,27,207.4742755765819,201.0,207.0,212.0
5,794,470,71,47,0.12,27,199.96234843650288,194.0,199.0,206.0
5,935,472,70,46,0.11,27,190.3034528552457,186.0,190.0,194.0
6,372,576,80,50,0.06,27,194.4745493107105,188.0,195.0,199.0
6,508,577,75,51,0.11,27,199.69603524229075,192.0,199.0,206.0
6,648,571,72,48,0.1,27,204.46900438321853,196.0,205.0,211.0
6,784,573,70,48,0.11,27,201.50507614213197,194.0,201.0,206.0
6,932,570,70,45,0.1,27,193.73231989424983,188.0,193.0,198.0
7,385,674,78,51,0.07,27,193.02065049044916,187.0,193.0,197.0
7,529,669,73,48,0.1,27,207.22431077694236,197.0,208.0,214.0
7,652,663,68,46,0.1,27,215.7027397260274,208.0,216.0,221.0
7,787,666,68,44,0.1,27,210.68705035971223,205.0,211.0,216.0
7,931,669,67,44,0.1,27,201.18692902319043,195.0,201.0,206.0
8,411,767,78,49,0.06,27,203.1310942578548,196.0,204.0,207.0
8,546,760,65,42,0.09,27,208.0015625,199.0,208.0,216.0
8,681,756,59,40,0.09,27,202.4409881061299,193.0,203.0,210.0
8,787,755,57,39,0.09,27,198.984126984127,190.0,198.0,206.0
8,910,761,62,39,0.09,27,201.26843910806176,194.0,201.0,207.0
1,380,91,75,50,0.09,36,181.17418263810598,174.0,182.0,186.0
1,506,89,68,47,0.17,36,181.7583278902678,177.0,182.0,186.0
1,649,86,62,43,0.15,36,171.746875,168.0,172.0,175.0
1,786,84,60,44,0.17,36,171.92680986475736,168.0,172.0,175.0
1,904,87,63,45,0.15,36,170.36705202312137,166.0,170.0,173.0
1,1033,83,62,42,0.0,36,174.86920152091255,171.0,175.0,177.0
2,365,188,76,48,0.07,36,189.62373887240355,185.0,190.0,193.0
2,509,188,72,48,0.15,36,196.6779560308972,189.0,196.0,202.0
2,636,186,69,47,0.13,36,192.10907944514503,188.0,191.0,196.0
2,787,180,67,46,0.15,36,193.44467073998644,188.0,194.0,197.0
2,929,176,67,45,0.13,36,185.57183499288763,178.0,185.0,192.0
2,1045,181,66,41,0.0,36,184.3216679076694,176.0,185.0,189.0
3,369,288,77,49,0.08,36,193.5949656750572,186.0,195.0,200.0
3,503,286,75,49,0.14,36,198.61802325581397,190.0,199.0,204.0
3,644,292,72,50,0.13,36,187.64048865619546,179.0,188.0,194.0
3,785,278,69,47,0.14,36,197.40738341968913,190.0,197.0,203.0
3,917,274,68,45,0.13,36,191.88977423638778,187.0,192.0,196.0
4,369,384,81,52,0.07,36,196.60208126858277,188.0,196.0,202.0
4,505,380,74,48,0.13,36,196.15852958070076,189.0,196.0,201.0
4,648,380,72,47,0.12,36,197.1721362229102,189.0,197.0,204.0
4,788,375,71,46,0.13,36,196.2775590551181,189.0,196.0,203.0
4,926,378,69,47,0.12,36,189.63782696177063,184.0,189.0,193.0
5,375,486,78,49,0.07,36,190.69402985074626,181.0,193.0,197.0
5,504,483,76,49,0.12,36,195.71740346950196,188.0,195.0,201.0
5,649,473,74,49,0.11,36,201.39456193353473,195.0,202.0,207.0
5,794,470,71,46,0.12,36,195.44958782498415,190.0,195.0,201.0
5,935,472,70,46,0.11,36,186.77123745819398,182.0,187.0,191.0
6,372,576,80,50,0.06,36,192.10088403536142,185.0,193.0,196.0
6,508,578,75,50,0.11,36,195.85099337748343,188.0,195.0,201.0
6,648,571,72,47,0.1,36,198.7092731829574,190.0,199.0,205.0
6,784,573,70,48,0.11,36,197.31289506953223,191.0,197.0,202.0
6,932,570,70,45,0.1,36,189.53468013468014,185.0,189.0,193.0
7,385,674,78,51,0.07,36,190.65886635465418,184.0,191.0,195.0
7,530,669,72,48,0.1,36,202.3427672955975,193.0,203.0,210.0
7,652,663,68,46,0.1,36,211.51020408163265,204.0,211.0,217.0
7,787,666,68,44,0.1,36,208.35658914728683,203.0,208.0,213.0
7,931,669,67,44,0.1,36,197.3078024337867,191.0,198.0,202.0
8,411,767,78,49,0.06,36,199.66310160427807,193.0,200.0,204.0
8,546,760,65,42,0.09,36,207.02719502719503,199.0,207.0,214.0
8,681,756,59,39,0.09,36,201.29310344827587,193.0,202.0,207.0
8,786,755,58,39,0.09,36,201.12034383954153,193.0,201.0,207.0
8,910,761,62,39,0.09,36,198.41571050308914,191.0,198.0,204.0
1,380,91,75,50,0.09,45,182.37250293772033,177.0,183.0,187.0
1,506,89,68,48,0.17,45,182.01967005076142,177.0,182.0,185.0
1,649,86,62,43,0.15,45,170.29832572298326,166.0,170.0,173.0
1,786,84,60,44,0.17,45,171.88509316770185,167.0,172.0,175.0
1,904,87,63,45,0.15,45,168.80555555555554,164.0,169.0,173.0
1,1033,83,62,42,0.0,45,172.17459016393443,168.0,173.0,175.0
2,365,188,76,48,0.07,45,190.13344594594594,185.0,190.0,194.0
2,509,187,73,49,0.15,45,196.3046080191502,189.0,197.0,202.0
2,636,186,69,47,0.13,45,191.32779552715655,187.0,191.0,195.0
2,787,180,67,46,0.15,45,193.94429530201342,189.0,193.0,198.0
2,929,176,67,45,0.13,45,183.78100072516315,176.0,184.0,191.0
2,1045,181,65,41,0.0,45,181.24295506473723,175.0,181.0,186.0
3,369,288,77,49,0.08,45,192.5153801508996,185.0,193.0,198.0
3,504,286,74,49,0.14,45,198.5043630017452,192.0,198.0,205.0
3,644,292,72,50,0.13,45,188.74476744186046,181.0,188.0,195.0
3,785,278,69,47,0.14,45,199.003300330033,191.0,199.0,205.0
3,917,274,68,45,0.13,45,189.04945799457994,185.0,189.0,193.0
4,369,384,81,52,0.07,45,195.60281280310377,189.0,195.0,201.0
4,505,380,74,48,0.13,45,194.48127128263337,187.0,194.0,200.0
4,648,380,72,47,0.12,45,199.52360774818402,191.0,199.0,205.0
4,788,375,71,47,0.13,45,197.62322580645161,191.0,197.0,204.0
4,926,378,69,47,0.12,45,187.26988265971318,182.0,187.0,191.0
5,375,486,78,49,0.07,45,189.40364439536168,180.0,191.0,195.0
5,504,483,76,49,0.12,45,195.64873765093304,189.0,196.0,201.0
5,649,473,74,49,0.11,45,202.69454329774615,197.0,203.0,207.0
5,794,470,71,47,0.12,45,195.69767441860466,190.0,196.0,201.0
5,935,472,70,46,0.11,45,185.4384105960265,181.0,186.0,190.0
6,372,576,80,50,0.06,45,189.52028762198253,184.0,190.0,194.0
6,508,577,75,51,0.11,45,194.8310810810811,188.0,195.0,201.0
6,648,571,72,48,0.1,45,199.75389408099687,192.0,199.0,206.0
6,784,573,70,48,0.11,45,196.59925093632958,190.0,196.0,202.0
6,932,570,70,45,0.1,45,188.5932085932086,184.0,188.0,192.0
7,385,674,78,51,0.07,45,187.77753779697625,183.0,188.0,192.0
7,529,669,73,48,0.1,45,203.1945107398568,193.0,204.0,210.0
7,652,663,68,46,0.1,45,213.1298969072165,206.0,213.0,218.0
7,787,666,68,44,0.1,45,206.8579197824609,201.0,206.0,212.0
7,931,669,67,44,0.1,45,197.3519313304721,191.0,197.0,203.0
8,411,767,78,49,0.06,45,197.62324536777092,191.0,198.0,202.0
8,546,760,65,42,0.09,45,205.91908876669285,198.0,206.0,213.0
8,681,756,59,40,0.09,45,198.76065276518585,191.0,198.0,205.0
8,787,755,57,39,0.09,45,196.0625,188.0,195.0,203.0
8,910,761,62,39,0.09,45,197.4553950722175,191.0,197.0,202.0
1,380,91,75,50,0.09,54,181.26618705035972,175.0,181.0,185.0
1,506,89,68,47,0.17,54,181.90949935815146,178.0,181.0,185.0
1,649,86,62,44,0.15,54,172.71471927162366,168.0,173.0,176.0
1,786,84,60,44,0.17,54,171.54674457429047,168.0,172.0,175.0
1,904,87,63,45,0.15,54,170.75258493353027,167.0,171.0,174.0
1,1033,83,63,42,0.0,54,174.48941368078175,170.0,175.0,178.0
2,365,188,76,48,0.07,54,187.94759036144578,183.0,188.0,192.0
2,509,188,73,48,0.15,54,195.5783625730994,188.0,195.0,201.0
2,636,186,69,47,0.13,54,191.4282131661442,187.0,191.0,195.0
2,787,180,67,46,0.15,54,193.27917282127032,188.0,193.0,198.0
2,929,176,67,45,0.13,54,184.2906976744186,176.0,184.0,192.0
2,1045,181,66,41,0.0,54,183.40014847809948,175.0,184.0,188.0
3,369,288,77,50,0.08,54,192.1792828685259,185.0,193.0,197.0
3,503,286,75,48,0.14,54,198.93348891481912,191.0,199.0,206.0
3,644,292,72,50,0.13,54,187.29103608847498,181.0,186.0,193.0
3,785,279,69,46,0.14,54,197.95868302130407,190.0,198.0,204.0
3,917,274,68,45,0.13,54,191.1847898599066,187.0,191.0,195.0
4,369,384,81,52,0.07,54,194.77069133398248,187.0,195.0,200.0
4,504,380,75,48,0.13,54,193.48613569321535,187.0,193.0,199.0
4,648,380,72,47,0.12,54,196.94805970149253,188.0,196.0,204.0
4,788,375,71,47,0.13,54,196.85647530040055,190.0,197.0,203.0
4,926,378,69,47,0.12,54,188.68427672955974,184.0,188.0,192.0
5,375,486,78,49,0.07,54,189.70568373663477,180.0,191.0,196.0
5,504,483,76,49,0.12,54,194.8969696969697,187.0,194.0,200.0
5,649,473,74,49,0.11,54,200.46399055489965,194.0,200.0,206.0
5,793,470,72,47,0.12,54,194.74382716049382,189.0,194.0,199.0
5,935,472,70,46,0.11,54,186.06054811982153,181.0,186.0,190.0
6,372,576,80,50,0.06,54,190.22013562858632,183.0,191.0,194.0
6,508,578,75,50,0.11,54,194.5963045912654,186.0,194.0,200.0
6,648,571,72,47,0.1,54,197.66747133373568,189.0,198.0,204.0
6,784,573,70,48,0.11,54,196.884076433121,191.0,197.0,203.0
6,932,570,70,45,0.1,54,188.1879150066401,183.0,188.0,191.0
7,385,674,78,51,0.07,54,189.43243243243242,184.0,190.0,194.0
7,529,669,73,48,0.1,54,202.91525423728814,192.0,203.0,210.0
7,652,663,68,46,0.1,54,212.4693189480782,205.0,212.0,218.0
7,787,666,68,45,0.1,54,208.57194504699928,203.0,208.0,212.0
7,931,669,67,44,0.1,54,197.07924263674613,191.0,197.0,202.0
8,411,767,78,49,0.06,54,198.45479452054795,191.0,199.0,203.0
8,546,760,65,42,0.09,54,206.78384615384616,199.0,206.0,214.0
8,681,756,59,40,0.09,54,200.74908088235293,191.0,200.0,208.0
8,786,755,58,39,0.09,54,199.7062675397568,192.0,199.0,206.0
8,910,761,62,39,0.09,54,195.99824715162137,188.0,195.0,201.0
1,380,91,75,50,0.09,63,182.51923076923077,177.0,183.0,186.0
1,506,89,68,47,0.17,63,182.02467532467531,178.0,182.0,185.0
1,649,86,62,43,0.15,63,171.88377535101404,167.0,173.0,175.0
1,786,84,60,43,0.17,63,172.78664620107443,168.0,173.0,176.0
1,904,87,63,45,0.15,63,170.7729648991785,166.0,172.0,173.0
1,1033,83,62,42,0.0,63,172.21028037383178,168.0,173.0,175.0
2,365,188,76,48,0.07,63,189.79033164699268,185.0,190.0,193.0
2,509,187,73,49,0.15,63,197.61614979520186,190.0,198.0,203.0
2,636,186,69,47,0.13,63,189.87303664921467,185.0,189.0,193.0
2,787,180,67,46,0.15,63,194.8612217795485,191.0,194.0,199.0
2,929,176,67,45,0.13,63,184.69127040454222,177.0,184.0,192.0
2,1045,181,65,41,0.0,63,181.05315870570107,176.0,181.0,185.0
3,369,288,77,49,0.08,63,193.57922228670924,187.0,194.0,198.0
3,503,286,75,48,0.14,63,199.50145264381175,192.0,199.0,205.0
3,644,292,72,50,0.13,63,188.25796752856283,181.0,187.0,194.0
3,785,278,69,47,0.14,63,199.649384316267,192.0,199.0,206.0
3,917,274,68,45,0.13,63,189.9390828199863,186.0,190.0,194.0
4,369,384,81,52,0.07,63,195.30437044745057,188.0,196.0,200.0
4,505,380,74,48,0.13,63,193.14457831325302,186.0,193.0,198.0
4,648,380,72,47,0.12,63,198.70666666666668,192.0,199.0,205.0
4,788,375,71,47,0.13,63,198.39177215189872,191.0,198.0,204.0
4,926,378,69,47,0.12,63,188.05531112507856,184.0,187.0,192.0
5,375,486,78,49,0.07,63,189.612846199175,180.0,192.0,196.0
5,504,483,76,49,0.12,63,196.1227665706052,191.0,197.0,201.0
5,649,473,74,49,0.11,63,201.79499404052444,196.0,202.0,206.0
5,794,470,71,47,0.12,63,196.22648514851485,191.0,196.0,201.0
5,935,472,70,46,0.11,63,185.63484945547725,180.0,185.0,191.0
6,372,576,80,50,0.06,63,189.71798941798943,184.0,190.0,194.0
6,508,578,75,50,0.11,63,195.75527666856817,188.0,196.0,201.0
6,648,571,72,48,0.1,63,197.90223295111647,190.0,198.0,204.0
6,784,573,70,48,0.11,63,197.65808823529412,191.0,197.0,203.0
6,932,570,70,45,0.1,63,188.67802056555269,184.0,188.0,192.0
7,385,674,78,51,0.07,63,188.0077519379845,183.0,188.0,192.0
7,530,669,72,48,0.1,63,203.06346272335182,194.0,203.0,210.0
7,652,663,68,46,0.1,63,213.2237215909091,206.0,213.0,219.0
7,787,666,68,44,0.1,63,208.14185883997206,202.0,208.0,213.0
7,931,669,67,44,0.1,63,199.4242857142857,193.0,199.0,204.0
8,411,767,78,49,0.06,63,197.39788536449637,192.0,198.0,201.0
8,546,760,65,42,0.09,63,206.80510440835266,198.0,206.0,214.0
8,681,757,59,39,0.09,63,201.6060606060606,193.0,201.0,208.0
8,787,755,57,39,0.09,63,200.30418604651163,193.0,199.0,207.0
8,910,761,62,39,0.09,63,198.7538860103627,193.0,198.0,204.0
1,380,91,75,50,0.09,72,179.23284457478005,174.0,180.0,184.0
1,506,89,68,47,0.17,72,182.2695984703633,178.0,182.0,185.0
1,649,86,62,44,0.15,72,173.96814814814815,169.0,174.0,177.0
1,786,84,60,44,0.17,72,170.49418604651163,166.0,171.0,174.0
1,904,87,63,45,0.15,72,171.59253840526702,167.0,172.0,174.0
1,1033,83,62,42,0.0,72,172.93684210526317,169.0,173.0,176.0
2,365,188,76,48,0.07,72,187.2606451612903,183.0,188.0,191.0
2,509,187,72,49,0.15,72,196.06174334140437,189.0,197.0,202.0
2,636,186,69,47,0.13,72,192.72387096774193,187.0,192.0,197.0
2,787,180,67,46,0.15,72,193.87465940054497,189.0,193.0,198.0
2,929,176,67,45,0.13,72,182.36026200873363,175.0,182.0,190.0
2,1045,181,66,41,0.0,72,182.6810408921933,174.0,184.0,188.0
3,369,288,77,49,0.08,72,191.51339285714286,184.0,193.0,197.0
3,503,286,75,49,0.14,72,200.10464432686655,192.0,200.0,206.0
3,644,292,72,50,0.13,72,187.6901057871811,180.0,187.0,194.0
3,785,278,69,47,0.14,72,198.16981132075472,191.0,198.0,204.0
3,917,274,68,46,0.13,72,190.72313167259787,186.0,192.0,195.0
4,369,384,81,52,0.07,72,194.14548238897396,186.0,194.0,200.0
4,505,380,74,48,0.13,72,192.3729792147806,185.0,192.0,198.0
4,648,380,72,47,0.12,72,198.51076923076923,190.0,198.0,205.0
4,788,375,71,47,0.13,72,197.7220812182741,190.0,197.0,203.0
4,926,378,69,47,0.12,72,187.77815239379635,183.0,188.0,192.0
5,375,486,78,49,0.07,72,189.6994601079784,180.0,192.0,197.0
5,504,483,76,49,0.12,72,195.47765525246663,188.0,196.0,201.0
5,649,473,74,49,0.11,72,201.3562753036437,196.0,202.0,205.0
5,794,470,71,46,0.12,72,194.32795351839897,188.0,195.0,199.0
5,935,472,70,46,0.11,72,184.7125557680051,179.0,185.0,189.0
6,372,576,80,50,0.06,72,190.58700322234156,183.0,192.0,195.0
6,508,577,75,51,0.11,72,195.07605633802817,187.0,195.0,202.0
6,648,571,72,47,0.1,72,197.71842267406038,190.0,198.0,204.0
6,784,573,70,48,0.11,72,196.67897371714642,190.0,197.0,202.0
6,932,570,70,45,0.1,72,186.91210191082803,182.0,186.0,191.0
7,385,674,78,51,0.07,72,189.73692722371968,183.0,191.0,194.0
7,529,669,73,48,0.1,72,203.4482551143201,193.0,203.0,211.0
7,652,663,68,46,0.1,72,213.6718963165075,205.0,213.0,219.0
7,786,666,69,44,0.1,72,208.2624403544649,202.0,208.0,213.0
7,931,669,67,44,0.1,72,197.70300489168415,192.0,198.0,202.0
8,411,767,78,49,0.06,72,198.16361339229312,191.0,199.0,204.0
8,546,760,65,42,0.09,72,205.69945355191257,198.0,204.0,214.0
8,681,756,59,39,0.09,72,198.70659238625814,189.0,199.0,206.0
8,786,755,58,39,0.09,72,199.6439888164026,192.0,199.0,206.0
8,910,761,62,39,0.09,72,195.19280205655528,189.0,195.0,200.0
1,380,91,75,50,0.09,81,182.28206551915602,176.0,183.0,186.0
1,506,89,68,48,0.17,81,184.12164948453608,180.0,184.0,188.0
1,649,86,62,43,0.15,81,171.23001508295627,168.0,171.0,174.0
1,786,84,60,44,0.17,81,174.93422083007047,170.0,175.0,178.0
1,904,87,63,45,0.15,81,171.11728865194212,167.0,171.0,175.0
1,1033,83,62,42,0.0,81,171.88288288288288,169.0,172.0,175.0
2,366,188,75,48,0.07,81,189.23128119800333,184.0,189.0,193.0
2,509,188,73,48,0.15,81,198.90988372093022,191.0,199.0,205.0
2,636,186,69,47,0.13,81,189.85667752442995,186.0,190.0,193.0
2,787,180,67,46,0.15,81,196.64819759679574,191.0,197.0,200.0
2,929,176,67,45,0.13,81,184.22720797720797,177.0,184.0,191.0
2,1045,181,65,41,0.0,81,181.70700152207002,175.0,183.0,186.0
3,369,288,77,49,0.08,81,193.47516930022573,186.0,194.0,198.0
3,504,286,74,49,0.14,81,200.63608748481167,193.0,201.0,207.0
3,644,292,72,50,0.13,81,188.196996996997,181.0,189.0,194.0
3,785,278,69,47,0.14,81,201.19846841097637,193.0,201.0,208.0
3,917,274,68,45,0.13,81,190.7396978021978,186.0,191.0,194.0
4,369,384,81,52,0.07,81,195.26814814814816,188.0,196.0,201.0
4,505,380,74,48,0.13,81,191.95443925233644,185.0,191.0,197.0
4,648,380,72,47,0.12,81,199.03075030750307,190.0,198.0,205.0
4,788,375,71,47,0.13,81,199.832131147541,192.0,200.0,207.0
4,926,378,69,47,0.12,81,189.46025641025642,184.0,190.0,194.0
5,375,486,78,49,0.07,81,189.87082262210797,182.0,192.0,197.0
5,504,483,76,49,0.12,81,196.02459016393442,190.0,196.0,202.0
5,649,473,74,49,0.11,81,201.48708708708708,196.0,202.0,205.0
5,794,470,71,47,0.12,81,196.96851851851852,190.0,197.0,202.0
5,935,472,70,46,0.11,81,186.6955966815571,181.0,186.0,191.0
6,372,576,80,50,0.06,81,189.9206106870229,184.0,190.0,195.0
6,508,577,75,51,0.11,81,196.30580357142858,189.0,197.0,202.0
6,648,571,72,48,0.1,81,198.02319902319903,190.0,198.0,204.0
6,784,573,70,48,0.11,81,198.24859462835727,191.0,198.0,203.0
6,932,570,70,45,0.1,81,188.9666024405909,184.0,189.0,193.0
7,385,674,78,51,0.07,81,188.59573333333333,183.0,189.0,192.0
7,530,669,72,48,0.1,81,204.65758513931888,196.0,205.0,212.0
7,652,663,68,46,0.1,81,214.5810135617416,207.0,215.0,221.0
7,787,666,68,45,0.1,81,208.51894210150107,203.0,209.0,214.0
7,931,668,67,45,0.1,81,201.32638389647735,196.0,201.0,206.0
8,411,767,78,49,0.06,81,199.0362277170788,192.0,200.0,204.0
8,546,760,65,42,0.09,81,210.44669260700388,203.0,210.0,217.0
8,681,757,59,38,0.09,81,201.31901279707495,192.0,202.0,208.0
8,786,755,58,39,0.09,81,201.36964618249533,193.0,200.0,209.0
8,910,761,62,39,0.09,81,197.24188034188035,191.0,197.0,202.0
1,380,91,75,50,0.09,9,186.789088863892,181.0,188.0,191.0
1,506,89,68,47,0.17,9,184.1147766323024,180.0,184.0,188.0
1,649,86,62,43,0.15,9,171.0945537065053,166.0,171.0,174.0
1,786,84,60,44,0.17,9,172.48275862068965,168.0,173.0,176.0
1,904,87,63,45,0.15,9,172.23753894080997,169.0,173.0,175.0
1,1033,83,62,42,0.0,9,177.7382875605816,175.0,178.0,181.0
2,365,188,76,48,0.07,9,195.38323699421966,190.0,195.0,199.0
2,509,188,72,48,0.15,9,199.897586815774,192.0,200.0,205.0
2,636,186,69,47,0.13,9,197.64528795811518,194.0,197.0,201.0
2,787,180,67,46,0.15,9,196.93013698630136,192.0,197.0,201.0
2,929,176,67,45,0.13,9,190.51994401679497,183.0,190.0,197.0
2,1045,181,66,41,0.0,9,187.2814871016692,180.0,188.0,192.0
3,369,288,77,50,0.08,9,197.91123595505618,191.0,199.0,202.0
3,503,286,75,49,0.14,9,201.5913660555884,194.0,201.0,207.0
3,644,292,72,50,0.13,9,192.58196221815965,186.0,193.0,199.0
3,785,278,69,47,0.14,9,201.73012692050767,195.0,201.0,208.0
3,917,274,68,46,0.13,9,194.79669193659547,190.0,195.0,198.0
4,369,384,81,52,0.07,9,201.47678482276586,194.0,201.0,207.0
4,504,380,75,48,0.13,9,203.23179965055328,196.0,203.0,209.0
4,648,380,72,47,0.12,9,202.2303506650544,195.0,202.0,209.0
4,788,375,71,47,0.13,9,200.88126984126984,193.0,201.0,206.0
4,926,378,69,47,0.12,9,192.062381852552,188.0,192.0,195.0
5,375,486,78,49,0.07,9,194.71803103263778,185.0,196.0,200.0
5,504,483,76,49,0.12,9,200.3173618940248,194.0,200.0,206.0
5,649,473,74,49,0.11,9,206.67735965453423,201.0,207.0,211.0
5,793,470,72,47,0.12,9,200.51000645577793,195.0,201.0,205.0
5,935,472,70,46,0.11,9,191.4090032154341,187.0,191.0,195.0
6,372,576,80,50,0.06,9,194.6880589163598,189.0,195.0,199.0
6,508,577,75,51,0.11,9,199.9972191323693,192.0,200.0,206.0
6,648,571,72,48,0.1,9,205.02056074766355,197.0,205.0,212.0
6,784,573,70,48,0.11,9,201.97292191435767,195.0,201.0,207.0
6,932,570,70,45,0.1,9,195.74421678783872,190.0,195.0,199.0
7,385,674,78,51,0.07,9,192.86915887850466,188.0,193.0,197.0
7,529,669,73,48,0.1,9,207.14285714285714,198.0,207.0,214.0
7,652,663,68,46,0.1,9,214.0887656033287,207.0,214.0,220.0
7,787,666,68,44,0.1,9,210.1990223463687,204.0,210.0,215.0
7,931,669,67,44,0.1,9,200.86751233262862,196.0,201.0,205.0
8,411,767,78,49,0.06,9,203.2219730941704,196.0,204.0,208.0
8,546,760,65,42,0.09,9,208.33282674772036,199.0,207.0,217.0
8,681,756,59,39,0.09,9,201.00904977375566,191.0,200.0,209.0
8,787,755,57,39,0.09,9,197.37735849056602,188.0,197.0,205.0
8,910,761,62,39,0.09,9,200.4114088159032,194.0,200.0,206.0
1,380,91,75,50,0.09,90,179.29759299781182,172.0,179.0,184.0
1,506,89,68,48,0.17,90,183.96513879922531,178.0,184.0,188.0
1,649,86,62,43,0.15,90,171.98805460750853,168.0,172.0,176.0
1,786,84,60,44,0.17,90,172.27088212334115,167.0,172.0,176.0
1,904,87,63,45,0.15,90,170.32981927710844,167.0,170.0,174.0
1,1033,83,62,42,0.0,90,170.86906710310964,168.0,171.0,174.0
2,365,188,76,48,0.07,90,187.4806288601909,183.0,188.0,191.0
2,509,187,72,49,0.15,90,197.68270944741533,190.0,198.0,203.0
2,636,186,69,47,0.13,90,191.3,186.0,191.0,196.0
2,787,180,67,46,0.15,90,195.5546218487395,190.0,197.0,200.0
2,929,176,67,45,0.13,90,182.36415770609318,174.0,183.0,189.0
2,1045,181,65,41,0.0,90,181.4259681093394,173.0,182.0,186.0
3,369,288,77,49,0.08,90,191.61860718171926,183.0,192.0,197.0
3,503,286,75,49,0.14,90,201.4122965641953,192.0,202.0,208.0
3,644,292,72,50,0.13,90,187.90898058252426,180.0,187.0,195.0
3,785,278,69,47,0.14,90,199.47619047619048,191.0,199.0,206.0
3,917,274,68,45,0.13,90,190.11717171717171,185.0,190.0,194.0
4,369,384,81,52,0.07,90,193.93942354665364,186.0,194.0,200.0
4,505,380,74,48,0.13,90,191.44753261486105,184.0,191.0,197.0
4,648,380,72,47,0.12,90,198.75137783221066,190.0,198.0,206.0
4,788,375,71,46,0.13,90,198.74291115311908,191.0,199.0,205.0
4,926,378,69,47,0.12,90,188.26252377932784,184.0,189.0,192.0
5,375,486,78,49,0.07,90,189.74652584769316,179.0,191.0,197.0
5,504,483,76,49,0.12,90,195.94478873239436,189.0,196.0,202.0
5,649,473,74,49,0.11,90,201.47186932849365,196.0,202.0,206.0
5,794,470,71,47,0.12,90,195.52903637523931,190.0,196.0,200.0
5,935,472,70,46,0.11,90,184.46728354263053,179.0,184.0,189.0
6,372,576,80,50,0.06,90,189.766391184573,183.0,190.0,195.0
6,508,577,75,51,0.11,90,196.55537006121313,188.0,197.0,203.0
6,648,571,72,47,0.1,90,197.21026592455163,189.0,197.0,204.0
6,784,573,70,48,0.11,90,197.515664160401,190.0,197.0,203.0
6,932,570,70,45,0.1,90,185.99095022624434,181.0,186.0,190.0
7,385,674,78,51,0.07,90,189.61194029850745,183.0,190.0,194.0
7,529,669,73,48,0.1,90,204.6326530612245,194.0,205.0,212.0
7,652,663,68,46,0.1,90,215.50442477876106,207.0,215.0,222.0
7,787,666,68,45,0.1,90,209.11723163841808,203.0,209.0,214.0
7,931,669,67,44,0.1,90,199.12719606465214,192.0,199.0,203.0
8,411,767,78,49,0.06,90,197.32080924855492,190.0,198.0,202.0
8,546,760,65,42,0.09,90,207.67313664596273,199.0,208.0,215.0
8,681,757,59,38,0.09,90,199.99450045829514,192.0,200.0,207.0
8,787,755,57,39,0.09,90,200.0306976744186,192.0,199.0,206.0
8,910,761,62,39,0.09,90,195.32096635030197,189.0,196.0,200.0
1,380,91,75,50,0.09,99,176.77911646586347,171.0,177.0,181.0
1,506,89,68,47,0.17,99,180.3304862023653,176.0,180.0,183.0
1,649,86,62,43,0.15,99,168.15654205607476,164.0,169.0,170.0
1,786,84,60,43,0.17,99,169.6453125,165.0,170.0,172.0
1,904,87,63,45,0.15,99,168.0666144200627,164.0,169.0,171.0
1,1033,83,62,42,0.0,99,167.94532488114103,164.0,168.0,170.0
2,366,188,75,48,0.07,99,185.2462479155086,180.0,185.0,189.0
2,509,187,73,49,0.15,99,194.07641395908544,187.0,194.0,199.0
2,636,186,69,47,0.13,99,184.3661311914324,180.0,184.0,188.0
2,787,180,67,46,0.15,99,191.0320819112628,186.0,190.0,195.0
2,929,176,67,45,0.13,99,179.3866943866944,171.0,178.0,186.0
2,1045,181,65,41,0.0,99,175.45349730976173,169.0,177.0,180.0
3,369,288,77,49,0.08,99,188.55090497737555,182.0,190.0,193.0
3,503,286,75,49,0.14,99,197.00413467217956,189.0,197.0,202.0
3,644,292,72,50,0.13,99,184.07791446983012,177.0,184.0,189.0
3,785,278,69,47,0.14,99,195.92131147540982,188.0,196.0,202.0
3,917,274,68,45,0.13,99,186.1163763066202,182.0,186.0,190.0
4,369,384,81,52,0.07,99,190.58902077151336,184.0,190.0,196.0
4,505,380,74,48,0.13,99,185.24583572659392,178.0,185.0,190.0
4,648,380,72,47,0.12,99,194.6091743119266,186.0,194.0,201.0
4,788,375,71,47,0.13,99,195.01466836734693,187.0,195.0,201.0
4,926,378,69,47,0.12,99,184.9811827956989,180.0,184.0,188.0
5,375,486,78,49,0.07,99,186.80563224737713,176.0,189.0,192.0
5,504,483,76,49,0.12,99,191.14740368509212,184.0,191.0,197.0
5,649,473,74,49,0.11,99,195.91970802919707,190.0,197.0,200.0
5,794,470,71,47,0.12,99,191.27742749054224,185.0,190.0,197.0
5,935,472,70,46,0.11,99,181.6844850065189,177.0,181.0,186.0
6,372,576,80,50,0.06,99,186.0010752688172,179.0,186.0,190.0
6,508,577,75,51,0.11,99,191.68026460859977,184.0,191.0,197.0
6,648,571,72,47,0.1,99,191.6886967263743,184.0,191.0,198.0
6,784,573,70,48,0.11,99,193.12923462986197,187.0,192.0,197.0
6,932,570,70,45,0.1,99,182.59599224305106,178.0,183.0,186.0
7,385,674,78,51,0.07,99,184.38428874734606,179.0,185.0,188.0
7,530,669,72,48,0.1,99,199.6639751552795,190.0,201.0,207.0
7,652,663,68,46,0.1,99,211.58594815825376,203.0,211.0,217.0
7,787,666,68,44,0.1,99,203.97667844522968,198.0,203.0,209.0
7,931,669,67,44,0.1,99,197.3317208016586,191.0,197.0,202.0
8,411,767,78,49,0.06,99,195.0289371174179,189.0,196.0,199.0
8,546,760,65,42,0.09,99,205.80970724191064,197.0,205.0,213.0
8,681,757,59,38,0.09,99,197.14285714285714,189.0,197.0,204.0
8,786,755,58,39,0.09,99,197.89738805970148,190.0,197.0,204.0
8,910,761,62,39,0.09,99,193.2554489973845,186.0,193.0,199.0
